year,selling_price,km_driven,fuel,seller_type,transmission,owner,brand_model
2007,60000,70000,1,0,0,1,89
2007,135000,50000,1,0,0,2,109
2012,600000,100000,0,0,0,1,65
2017,250000,46000,1,0,0,1,24
2014,450000,141000,0,0,0,2,43
2007,140000,125000,1,0,0,1,91
2016,550000,25000,1,0,0,1,66
2014,240000,60000,1,0,0,2,146
2015,850000,25000,1,0,0,1,54
2017,365000,78000,2,0,0,1,93
2015,260000,35000,1,0,0,1,19
2014,250000,100000,1,0,0,1,146
2018,1650000,25000,1,1,1,1,161
2007,135000,50000,1,0,0,1,109
2014,450000,70935,0,0,0,2,43
2017,365000,78000,1,0,0,1,93
2015,585000,24000,1,1,0,1,94
2019,1195000,5000,0,1,0,1,64
2013,390000,33000,0,0,0,2,17
2014,1964999,28000,0,1,1,1,70
2013,1425000,59000,0,1,1,1,113
2018,975000,4500,0,1,1,1,108
2011,1190000,175900,0,1,1,1,7
2018,930000,14500,1,1,0,1,48
2018,525000,15000,1,0,0,1,155
2013,1735000,50000,0,1,1,1,4
2012,1375000,33800,0,1,1,2,113
2011,450000,130400,0,1,1,2,138
2016,900000,50000,1,0,1,1,161
2015,1300000,80000,0,0,0,1,164
2019,1400000,10000,1,0,0,1,71
2010,850000,119000,1,1,1,1,112
2014,229999,60000,1,0,0,4,67
2013,1550000,75800,0,1,1,2,9
2009,1250000,78000,0,1,1,3,8
2012,625000,40000,0,0,0,1,56
2014,1050000,50000,0,0,0,1,81
2014,560000,74000,0,0,0,2,48
2014,290000,64000,1,0,0,2,109
2012,275000,60000,1,0,0,2,109
2009,411000,120000,0,0,0,2,81
2009,150000,79000,1,0,0,3,61
2019,500000,15000,1,0,0,1,59
2006,100000,80000,1,0,0,1,91
2017,725000,18500,0,1,0,1,107
2018,401000,10200,1,1,0,1,95
2018,750000,29000,0,1,0,1,68
2018,310000,28000,1,1,0,1,102
2016,665000,46000,0,1,0,1,107
2014,465000,70000,0,0,0,1,68
2012,160000,60000,1,0,0,2,91
1996,250000,35000,0,0,0,2,75
2014,675000,90000,0,1,0,1,48
2013,300000,80000,1,1,0,1,109
2005,70000,80000,0,0,0,1,145
2014,240000,73300,1,1,0,2,55
2014,525000,92000,0,1,0,1,162
2009,151000,66764,1,1,0,2,91
2009,140000,100000,1,0,0,1,91
2010,280000,87353,0,0,0,2,21
2011,350000,83658,0,0,0,1,161
2017,570000,60000,0,0,0,1,81
2018,300000,31000,1,0,0,1,55
2007,100000,39000,0,0,0,1,146
2009,500000,120000,0,0,0,3,164
2014,125000,166000,0,0,0,4,145
2006,130000,110000,1,0,0,3,107
2017,925000,35000,0,0,0,1,34
2018,750000,60000,0,0,0,1,94
2007,200000,54000,1,0,1,2,49
2010,248000,63000,1,0,0,2,67
2014,450000,120000,0,0,0,2,137
2005,80000,120000,1,0,0,3,58
2014,650000,76000,1,0,0,2,121
2015,450000,80000,0,0,0,1,59
2019,650000,25000,0,0,0,1,57
2016,495000,11958,1,1,0,1,43
2015,371000,20000,1,1,0,1,46
2017,1025000,9000,1,1,0,1,54
2015,750000,70000,0,0,0,1,87
2013,600000,120000,0,0,0,1,126
2007,80000,58000,1,1,0,2,61
2013,325000,62200,0,0,0,1,74
2014,1470000,34000,0,1,1,2,4
2015,350000,53000,0,0,0,2,27
2017,210000,15000,1,1,0,2,24
2013,450000,50000,1,0,0,1,169
2013,1150000,53000,0,1,1,1,3
2009,210000,63500,1,1,1,1,49
2018,1975000,21000,0,1,1,1,172
2008,175000,29173,1,1,0,1,106
2017,628000,120000,0,0,0,1,74
2010,600000,100000,0,0,0,1,62
2017,399000,30000,1,0,0,1,119
2018,750000,27542,0,0,0,1,88
2019,750000,15000,1,0,0,1,57
2017,315000,16000,1,0,0,1,128
2012,600000,60000,0,0,0,1,88
2010,100000,60000,1,0,0,4,109
2011,250000,110000,1,0,0,3,106
2017,350000,25000,1,0,0,1,128
2016,780000,60000,0,0,0,1,54
2014,434000,79350,0,0,0,2,107
2016,690000,80000,1,0,1,1,65
2014,555000,90000,0,0,0,2,81
2007,120000,86297,1,0,0,2,106
2014,500000,120000,0,0,0,2,96
2013,165000,60000,0,0,0,2,14
2004,95000,50000,1,0,0,1,110
2018,550000,20000,1,0,0,1,92
2007,100000,110000,0,0,0,4,107
2012,100000,50000,1,0,0,2,148
2012,500000,100000,0,0,0,1,164
2016,800000,70000,0,0,0,2,96
2016,840000,70000,0,0,0,2,54
2016,490000,50000,1,0,0,1,43
2010,125000,81000,0,0,0,2,145
2012,400000,120000,0,0,0,3,21
2012,1000000,3600,0,1,0,1,16
2015,530000,61703,1,1,0,1,38
2017,840000,49213,0,1,0,1,34
2015,229999,40000,1,0,0,1,67
1998,40000,40000,1,0,0,4,89
2012,130000,80000,1,0,0,1,20
2015,200000,70000,1,0,0,1,55
2011,120000,70000,0,0,0,1,145
2003,75000,57000,1,0,0,1,61
2016,250000,120000,0,0,0,1,142
2005,100000,30000,1,0,0,1,89
2013,280000,72215,1,0,0,2,55
2015,540000,5000,1,0,0,1,68
2018,700000,10000,1,0,0,1,68
2015,525000,100000,0,0,0,1,94
2016,430000,80000,0,0,0,1,68
2002,65000,84118,1,0,0,1,61
2018,800000,35000,0,0,0,1,108
2007,75000,86297,1,0,0,2,61
2008,210000,53772,1,0,0,1,58
2012,195000,140000,0,0,0,2,79
2015,400000,120000,0,0,0,1,21
2012,170000,60000,1,0,0,1,55
2016,225000,25000,1,0,0,1,128
2014,210000,70935,3,0,0,1,109
2020,240000,120000,1,0,0,1,109
2015,300000,175000,0,0,0,1,17
2011,99000,100000,1,0,0,3,20
2014,620000,36000,1,0,0,1,48
2013,500000,30000,0,0,0,1,43
2013,260000,70000,1,0,0,2,46
2017,550000,60000,1,0,0,1,107
2011,150000,155500,0,0,0,1,146
2011,350000,50000,1,0,1,2,67
2016,320000,40000,1,0,0,1,14
2015,400000,100000,0,0,0,3,107
2012,175000,80000,1,0,0,3,91
2011,120000,90000,1,0,0,2,14
2013,320000,90000,0,0,0,2,126
2006,70000,110000,1,0,0,3,61
2019,810000,15000,1,0,0,1,107
2007,95000,86297,1,0,0,2,89
2020,282000,40000,2,0,0,1,91
2004,80000,60000,1,0,0,2,89
2013,72000,25000,1,0,0,1,148
2016,600000,25000,1,0,0,1,68
2015,640000,23000,1,0,0,1,137
2018,380000,22155,1,0,0,1,91
2018,650000,70000,1,0,0,1,94
2009,150000,60000,1,0,0,2,91
2009,280000,110000,1,0,0,2,68
2018,430000,30000,1,0,0,1,150
2019,800000,15000,0,0,0,1,74
2003,75000,100000,0,0,0,2,110
2016,650000,70000,0,0,1,1,171
2017,390000,24000,1,0,0,1,95
2005,100000,120000,1,0,0,2,48
2013,1500000,35000,0,0,1,1,113
2007,175000,78380,1,0,0,1,106
2012,434999,110000,0,0,0,2,126
2010,170000,90000,0,0,0,3,38
2011,190000,90000,0,0,0,3,38
2009,250000,150000,0,0,0,3,107
2009,229999,83464,0,0,0,3,88
2006,140000,70000,1,0,0,3,97
2017,600000,80362,0,0,0,1,107
2012,280000,110000,1,0,0,3,68
2012,150000,60000,0,0,0,1,14
2015,650000,50000,0,0,1,1,16
2014,210000,40000,1,0,0,2,119
2013,425000,20000,0,1,0,1,17
2014,265000,55000,1,1,0,1,55
2018,890000,1136,1,1,0,1,29
2013,365000,55000,1,1,0,1,132
2014,350000,43000,1,1,0,1,38
2016,685000,60000,0,0,0,1,94
2018,940000,2650,0,1,0,1,137
2017,1000000,40000,0,0,0,1,87
2019,1150000,15000,1,1,0,1,86
2016,450000,115962,0,0,0,2,96
2015,590000,65000,0,1,0,1,121
2017,800000,40000,0,0,0,1,104
2012,385000,58000,0,1,0,1,68
2013,2000000,15000,0,0,1,1,113
2012,235000,54000,1,1,0,1,55
2017,640000,56000,0,1,0,1,167
2006,52000,120000,1,0,0,3,91
2009,80000,90000,1,0,0,2,102
2012,140000,70000,1,0,0,2,91
2008,120000,90000,1,0,0,2,65
2008,89999,86124,0,0,0,1,80
2012,180000,120000,0,0,0,1,18
2017,1500000,20000,0,0,0,1,81
2017,700000,10000,1,0,0,1,68
2012,285000,80000,0,0,0,2,106
2015,390000,90000,1,0,0,1,59
2008,125000,80000,1,0,0,1,91
2008,225000,60000,1,0,0,2,106
2011,175000,139000,1,0,0,2,67
2011,1075000,160000,0,0,0,2,164
2014,300000,150000,0,0,0,1,51
2010,700000,163000,0,0,0,4,164
2009,90000,120000,0,1,0,1,145
2011,120000,120000,0,0,0,2,145
2012,220000,100000,0,0,0,2,14
2015,300000,140000,0,1,0,1,159
2010,180000,87000,0,1,0,2,134
2013,170000,70000,1,0,0,1,89
2015,300000,50000,1,0,0,2,38
2014,1050000,70000,0,0,0,1,164
2018,465000,25000,0,0,0,1,59
2011,130000,80000,0,0,0,2,14
2018,434999,10000,1,0,0,1,23
2018,500000,32000,1,0,0,1,59
2018,200000,10000,1,0,0,1,102
2017,625000,52000,1,1,0,1,92
2006,110000,120000,0,0,0,3,37
2019,800000,11240,1,0,0,1,57
2017,490000,66000,0,1,0,1,59
2017,880000,64000,0,1,0,1,96
2013,290000,49000,1,0,0,1,61
2006,115999,100000,0,0,0,2,153
2018,360000,26500,1,0,0,1,128
2002,65000,100000,1,0,0,2,89
2017,685000,72000,0,1,0,1,108
2009,300000,50000,1,0,0,1,50
2017,680000,44000,0,1,0,1,68
2017,1000000,60000,0,0,0,2,96
2002,100000,120000,0,0,0,1,153
2010,160000,130000,0,0,0,1,88
2017,450000,70000,0,0,0,1,107
2014,600000,20000,1,0,0,1,96
2009,180000,60000,0,0,0,2,68
2007,100000,195000,1,0,0,1,91
2010,120000,90000,1,0,0,2,91
2006,130000,80000,1,0,0,3,58
2011,160000,155000,1,0,0,1,109
2019,860000,35000,0,0,0,1,74
2018,650000,27542,1,0,0,2,68
2010,100000,80000,1,0,0,2,109
2017,282000,20000,1,0,0,1,91
2009,300000,50000,1,0,0,1,68
2010,270000,110000,1,0,0,2,68
2013,550000,29000,0,0,0,1,65
2013,450000,120000,0,0,0,1,88
2011,430000,70000,0,0,0,2,74
2013,350000,40000,1,0,0,1,96
2017,350000,20000,1,0,0,1,46
2013,229999,50000,1,0,0,2,162
2013,110000,50000,1,0,0,1,91
2012,395000,49000,1,0,0,2,107
2011,650000,83658,0,0,1,2,81
2011,350000,90000,0,0,0,2,74
2020,1400000,25000,0,1,0,1,87
2018,360000,27542,1,0,0,1,154
2018,1300000,10000,0,0,0,1,77
2015,800000,15000,0,0,0,1,126
2018,229999,30000,1,0,0,1,55
2014,315000,41000,1,1,0,1,109
2012,125000,28000,1,0,0,1,20
2019,700000,20972,1,0,0,1,92
2015,160000,70000,1,0,0,1,55
2017,530000,10832,1,1,0,1,38
2018,624000,14681,0,1,0,1,38
2009,250000,50000,1,0,0,1,67
2016,585000,51000,0,1,0,1,74
2015,500000,25000,1,0,0,1,65
2014,350000,30000,1,0,0,1,19
2014,495000,80000,0,1,0,1,48
2017,500000,40318,1,0,0,1,59
2015,430000,200000,0,0,0,1,74
2013,345000,44000,1,1,0,1,59
2015,500000,61703,1,0,0,1,92
2019,425000,20972,1,0,0,1,154
2005,80000,40000,1,0,0,2,109
2011,106000,50000,0,0,0,1,14
2009,180000,46730,1,0,0,1,90
2015,250000,40000,1,0,0,2,23
2011,350000,80000,0,0,0,1,139
2002,60000,80000,1,0,0,2,110
2018,900000,24000,0,0,0,1,65
2017,700000,21170,0,1,0,1,32
2013,2000000,167223,0,1,1,1,9
2017,1000000,40000,0,0,0,1,96
2011,1375000,60000,0,0,1,1,12
2016,1800000,141440,0,1,0,1,164
2007,160000,120000,0,0,0,3,21
2012,525000,140000,1,0,1,1,115
2012,850000,80408,0,1,0,1,87
2019,800000,30000,0,0,0,1,92
2017,700000,88635,0,1,0,1,38
2018,800000,25000,0,0,0,1,107
2017,575000,20000,1,0,0,2,68
2012,350000,110000,0,0,0,2,126
2008,250000,120000,0,0,0,3,107
2011,600000,149674,0,1,0,2,36
2007,370000,100000,0,0,0,3,81
2006,80000,120000,1,0,0,3,92
2003,50000,120000,0,0,0,2,145
2018,900000,25000,0,0,0,1,65
2014,300000,35000,1,0,0,2,109
2002,125000,40000,1,0,0,1,145
2015,490000,60000,0,0,0,2,107
2012,300000,50000,0,0,0,2,162
2013,55000,25000,1,0,0,4,148
2016,350000,25000,1,0,0,1,59
2019,755000,8000,0,0,0,1,59
2017,720000,60000,0,0,0,1,96
2006,229999,200000,0,0,0,3,74
2018,1100000,20000,0,0,0,1,81
2013,400000,100000,1,0,0,1,170
2015,350000,70000,0,0,0,2,66
2012,159000,68000,0,1,0,1,14
2017,550000,38000,1,1,0,1,107
2013,335000,80000,0,1,0,1,103
2014,185000,72000,2,1,0,1,146
2012,229999,75000,2,1,0,1,95
2014,225000,43000,1,1,0,1,98
2007,250000,120000,1,0,0,2,107
2015,400000,100000,0,0,0,1,159
2014,470000,163000,0,0,0,1,107
2018,300000,25000,1,0,1,1,91
2011,145000,25000,1,0,0,1,91
2007,100000,90000,1,0,0,2,106
2014,500000,70000,0,0,0,2,81
2010,130000,98000,2,0,0,2,61
2010,240000,81925,0,0,0,1,16
2013,150000,80000,0,0,0,2,38
2017,270000,40000,1,0,0,1,128
2014,400000,90000,0,0,0,1,107
2012,200000,46000,1,0,0,1,55
2012,550000,80000,0,0,0,1,87
2018,325000,35000,1,0,0,1,128
2017,860000,82080,0,0,1,1,137
2012,600000,200000,0,0,0,1,87
2009,125000,83464,1,0,0,1,20
2000,60000,40000,1,0,0,3,89
2010,300000,120000,0,0,0,3,21
2007,190000,60000,1,0,0,3,37
2013,400000,110000,0,0,0,1,96
2011,260000,97000,0,0,0,2,147
2017,400000,30000,1,0,0,1,107
2010,250000,40000,1,0,0,1,68
2019,600000,10000,1,0,0,1,59
2010,175000,52047,1,0,0,1,110
2011,450000,200000,0,0,0,3,164
2019,350000,15000,1,0,1,2,154
2018,800000,50000,0,0,0,1,108
2011,250000,70000,1,0,0,2,107
2019,600000,10000,1,0,0,1,107
2017,600000,90000,0,0,0,1,107
2016,130000,40000,1,0,0,1,91
2006,90000,62009,1,0,0,2,109
2017,595000,33100,1,0,0,2,68
2014,190000,40000,1,0,0,2,55
1999,50000,120000,1,0,0,2,61
2007,95000,80000,1,0,0,1,109
2016,1000000,70000,0,0,0,1,151
2006,220000,90887,1,0,0,2,81
2010,400000,50000,0,0,0,1,74
2015,315000,45000,1,0,0,2,23
2014,1000000,110000,0,0,0,1,163
2014,500000,49000,0,0,0,1,35
2018,1600000,35000,0,0,1,1,87
2017,500000,160000,0,0,0,1,82
2007,70000,180000,1,0,0,3,91
2007,105000,60000,1,0,0,2,89
2008,400000,110000,0,0,0,3,36
2004,80000,60000,1,0,0,3,109
2016,300000,30000,1,0,0,1,91
2017,409999,40000,0,0,0,1,76
2009,250000,70000,1,0,0,1,107
2010,250000,120000,0,0,0,2,149
2012,215000,80000,0,0,0,3,107
2015,1400000,120000,0,0,0,1,163
2018,475000,20000,1,0,0,1,46
2018,475000,22000,1,0,0,1,46
2008,75000,35000,1,0,0,2,20
2013,200000,72215,0,0,0,2,19
2019,575000,8000,1,0,0,1,154
2011,150000,40000,0,0,0,2,103
2018,850000,10000,0,0,0,1,108
2019,350000,30000,1,0,0,1,61
2011,550000,54000,0,0,0,2,36
2017,330000,80577,1,0,0,1,65
2017,1044999,25000,0,0,0,1,48
2011,300000,127500,0,0,0,2,65
2015,235000,40903,1,1,0,1,55
2011,120000,60000,1,0,0,3,38
2004,130000,46000,1,0,0,1,109
2004,275000,88638,0,1,0,2,36
2011,270000,180000,0,0,0,2,169
2015,500000,30000,0,0,0,2,170
2015,400000,61690,1,1,0,1,59
2015,600000,64484,1,1,0,1,68
2012,1350000,90000,0,0,1,2,7
2013,400000,72215,0,1,0,2,126
2011,220000,70000,0,0,0,2,38
2012,300000,85962,1,1,0,2,46
2018,250000,120000,1,0,0,1,102
2015,600000,120000,0,0,0,1,51
2012,285000,75000,1,0,1,2,46
2009,350000,57035,1,1,0,1,42
2011,170000,70000,0,0,0,3,74
2015,229999,45000,1,0,0,1,38
2013,500000,72104,0,1,0,2,87
2011,75000,15000,1,0,0,1,148
2016,600000,52608,1,0,0,1,68
2011,220000,80000,0,0,0,1,146
2009,150000,164000,0,0,0,2,145
2006,65000,124439,1,0,0,2,91
2006,120000,77000,1,0,0,2,110
2014,240000,90000,0,0,0,1,107
2017,390000,30000,1,0,0,1,128
2012,180000,50000,1,0,0,1,14
2012,320000,80000,0,0,0,2,107
2018,310000,5000,1,0,0,1,91
2018,420000,24000,1,0,1,1,109
2019,550000,10000,1,0,0,1,154
2016,550000,78000,0,0,0,3,96
2018,760000,50000,0,0,0,1,83
2001,43000,73236,1,0,0,2,89
2018,250000,20000,1,0,0,1,102
2019,500000,1250,1,0,0,1,61
2015,380000,17152,1,0,0,1,159
2019,1850000,5000,0,0,1,1,87
2012,350000,77000,0,0,0,1,170
2008,195000,90000,0,0,0,2,65
2011,225000,80000,1,0,0,2,14
2015,1125000,65000,0,0,0,1,164
2011,133000,80000,0,0,0,1,145
2013,200000,24005,1,0,0,1,55
2018,940000,20000,0,0,0,1,108
2014,400000,120000,0,0,0,1,126
2009,120000,120000,1,0,0,2,67
2015,625000,61703,0,0,0,1,107
2005,110000,80000,1,0,0,1,107
2012,490000,100000,0,0,0,1,126
2009,140000,120000,1,0,0,2,91
2011,175000,149000,0,0,0,2,38
2005,90000,65000,1,0,0,2,109
2009,275000,100000,0,0,0,2,107
2011,300000,65000,0,0,0,2,171
2018,270000,19000,1,0,0,2,23
2010,130000,80000,1,0,0,2,14
2015,275000,30000,1,0,0,1,91
2012,352000,109000,0,0,0,1,107
2012,180000,90000,3,0,0,1,55
2012,150000,90000,1,0,0,1,91
2010,300000,110000,0,0,0,2,107
2007,225000,120000,0,0,0,1,74
2014,600000,44000,0,0,0,1,51
2015,500000,80000,1,0,0,1,96
2018,900000,5000,1,0,0,1,44
2016,600000,61000,1,0,0,1,68
2011,450000,100000,0,0,0,2,162
2009,270000,27633,1,0,0,1,67
2010,310000,100000,0,0,0,3,107
2012,250000,100000,3,0,0,1,61
2019,700000,12586,1,1,0,1,38
2018,650000,38083,0,1,0,1,27
2012,400000,55328,0,1,0,1,38
2012,425000,81632,0,1,0,1,38
2016,600000,155201,0,1,0,1,32
2013,600000,93283,0,1,0,1,34
2009,300000,83464,0,1,0,1,107
2012,450000,90165,0,1,0,1,37
2014,750000,101504,0,1,0,1,35
2010,325000,87353,0,1,0,2,38
2013,900000,85036,0,1,0,2,87
2006,180000,91086,1,1,0,2,41
2013,350000,160254,0,1,0,2,31
2013,600000,125531,0,1,0,2,34
2019,900000,60000,0,0,0,1,52
2006,350000,90887,0,0,0,1,135
2013,280000,90000,0,0,0,3,103
2009,225000,120000,0,0,0,2,88
2014,520000,82000,0,0,0,1,48
2016,509999,60000,0,0,0,1,81
2019,556000,24000,1,0,0,1,92
2014,225000,120000,0,0,0,1,146
2013,325000,65000,0,1,0,1,43
2013,365000,65000,0,1,0,1,107
2015,850000,84000,0,1,0,1,54
2013,350000,75000,0,1,0,1,162
2007,225000,50000,0,1,0,2,107
2011,135000,50000,1,0,0,1,91
2007,140000,49000,1,1,0,1,109
2016,665000,52608,0,1,0,1,106
2015,275000,14365,1,1,0,1,128
2013,484999,65000,0,1,0,1,65
2015,565000,65000,0,1,0,1,94
2013,425000,61083,0,1,0,1,107
2013,925000,75000,0,0,0,1,164
2012,565000,72000,0,1,0,1,81
2014,525000,65000,0,1,0,1,126
2017,1650000,55000,0,1,0,1,63
2015,295000,21000,1,1,0,2,55
2012,2050000,66363,1,1,1,2,70
2018,1475000,11700,1,1,1,1,54
2017,1100000,10000,1,0,1,1,65
2016,670000,7104,1,2,0,1,107
2015,750000,45974,0,2,0,1,104
2015,760000,55340,1,2,0,1,65
2017,850000,20000,1,1,1,2,170
2015,390000,61703,0,2,0,1,131
2016,450000,39415,1,2,1,2,93
2014,425000,29654,1,2,0,1,46
2016,770000,64672,0,2,0,1,92
2015,1150000,54634,0,2,1,2,54
2015,775000,66521,1,2,0,1,48
2018,1725000,23974,0,1,1,2,164
2016,2150000,43000,0,1,1,1,9
2013,450000,1000,0,1,0,2,126
2013,1580000,86000,0,1,1,1,3
2016,535000,52600,0,0,0,1,54
2012,225000,110000,1,0,0,2,106
2017,550000,19890,1,1,1,1,59
2015,625000,11918,1,2,0,1,96
2017,520000,10510,1,1,1,1,59
2016,239000,41000,1,1,0,1,14
2012,229999,49824,1,1,0,1,67
2013,1300000,58500,0,1,1,1,4
2005,80000,56580,1,1,0,1,61
2012,385000,52000,0,1,0,1,135
2017,600000,46507,0,2,0,1,107
2015,760000,55340,1,0,0,1,65
2015,625000,61703,1,2,0,1,96
2015,750000,61703,0,2,0,1,104
2013,239000,41000,1,1,0,1,14
2005,80000,56580,1,1,0,2,61
2015,760000,61703,1,2,0,1,65
2014,350000,50000,1,0,0,2,68
2014,114999,30000,1,0,0,1,91
2013,380000,50000,1,0,0,2,68
1995,95000,100000,1,0,0,2,100
2016,900000,35000,0,0,0,1,81
2012,200999,90000,1,0,0,2,14
2014,229999,11451,1,0,0,1,102
2019,800000,60000,0,0,0,1,150
2012,150000,172000,0,0,0,2,85
2018,600000,60000,0,0,0,1,107
2005,150000,150000,0,0,0,1,21
2009,150000,66000,0,0,0,1,18
2016,380000,5000,1,0,0,1,95
2006,80000,66508,1,0,0,2,107
2007,225000,55000,1,0,0,2,49
2012,75000,29900,1,0,0,1,148
2017,1600000,3000,0,0,0,1,144
2012,185000,85000,0,0,0,1,145
2011,425000,50000,0,0,0,1,81
2010,100000,120000,0,0,0,2,145
2008,140000,90000,1,0,0,3,110
2017,710000,8000,1,0,1,1,107
2015,450000,7900,1,0,1,1,43
2017,210000,50000,1,0,0,1,24
2016,270000,25000,1,0,0,1,91
2009,110000,20000,1,0,0,1,91
2018,540000,17500,1,0,0,1,107
2008,145000,25000,1,0,0,1,80
2013,360000,72215,0,0,0,1,151
2013,250000,88600,3,0,0,1,67
2012,110000,80000,0,0,0,1,156
2008,250000,100000,0,0,0,4,15
2011,150000,186000,0,0,0,2,37
2010,140000,60000,1,0,0,1,13
2019,925000,11000,1,0,0,1,94
2017,969999,30000,0,0,0,1,144
2007,90000,80000,2,0,0,3,61
2001,55000,60000,1,0,0,3,61
2007,155000,100000,0,0,0,4,65
2019,900000,15000,0,0,0,1,84
2011,135000,90000,1,0,0,1,91
2012,180000,120000,1,0,0,1,89
2013,495000,100000,0,0,0,2,65
2009,400000,138000,0,0,0,3,164
2008,250000,110000,0,0,0,2,65
2015,138000,120000,1,0,0,4,91
2011,311000,70000,1,0,1,2,48
2015,190000,70000,1,0,0,1,91
2011,311000,140000,0,0,0,1,74
2009,300000,15000,1,0,0,1,103
2015,600000,20000,1,0,0,1,50
2009,550000,100000,0,0,0,1,81
2015,600000,70000,1,0,1,1,137
2018,195000,5000,1,0,0,1,91
2013,58000,27974,1,0,0,1,148
2018,183000,40000,1,0,0,1,91
2007,95000,80000,1,0,0,1,110
2013,250000,38000,1,0,0,1,109
2014,400000,35000,1,0,0,1,159
2012,409999,60000,0,0,0,2,65
2004,120000,120000,0,0,0,2,136
2018,600000,18000,1,0,1,1,107
2016,600000,52608,1,0,0,1,43
2015,825000,90000,0,0,0,3,87
2016,625000,80000,0,0,0,2,162
2020,700000,1400,0,0,0,1,59
2011,160000,60000,1,0,0,1,14
2011,114999,60000,1,0,0,3,91
2009,150000,53000,1,0,0,1,109
2010,250000,100000,0,1,0,1,169
2012,390000,86000,0,0,0,2,65
2015,650000,100000,0,0,0,1,126
2016,600000,30000,0,0,0,1,66
2011,250000,120000,1,0,0,1,68
2011,229999,60000,3,0,0,2,61
2016,299000,50000,0,0,0,2,103
2010,330000,124000,0,0,0,2,16
2012,180000,100000,1,0,0,3,53
2017,475000,42000,1,0,0,1,59
2015,325000,100000,0,0,0,1,59
2016,639000,28205,1,1,0,1,48
2017,415000,32670,1,1,1,1,93
2016,1199000,30093,0,1,1,1,54
2013,525000,56228,2,1,0,1,96
2013,425000,59319,1,1,0,1,65
2016,699000,39503,0,1,0,1,108
2013,325000,35299,1,1,0,1,59
2011,275000,51687,1,1,0,1,162
2011,269000,76259,1,1,1,1,171
2013,399000,44049,0,1,0,1,170
2017,475000,45087,0,1,0,1,76
2011,249000,41125,1,1,0,1,162
2014,1549000,42215,0,1,1,1,3
2011,254999,54206,1,1,0,1,170
2012,269000,52547,1,1,0,1,137
2014,665000,59110,0,1,0,1,96
2014,299000,54565,1,1,0,1,109
2010,265000,47564,1,1,0,2,68
2010,211000,45143,1,1,0,2,170
2013,599000,61624,1,1,1,2,138
2007,55000,195000,0,0,0,3,146
2014,550000,50000,0,0,0,1,65
2010,220000,120000,0,0,0,2,153
2019,500000,20000,1,0,0,1,107
2010,140000,87353,1,0,0,1,91
2013,325000,60000,0,0,0,1,107
2010,210000,90000,1,0,0,3,68
2008,110000,90000,1,0,0,2,91
2019,1200000,25000,0,0,0,1,65
2017,229999,40000,1,0,0,1,91
2006,165000,132000,1,0,0,1,91
2018,525000,10980,1,1,1,1,154
2018,325000,20629,1,1,0,1,55
2018,1500000,27542,0,0,0,1,164
2015,400000,30000,1,0,1,1,59
2015,550000,69782,1,1,0,1,94
2003,98000,54000,1,0,0,1,89
2013,900000,63654,0,1,0,1,87
2017,700000,60000,0,0,0,1,130
2015,890000,52000,0,1,0,1,81
2015,490000,59385,0,1,0,1,107
2015,525000,70378,1,1,0,1,68
2013,330000,55425,1,1,0,1,109
2013,550000,78413,0,1,0,2,74
2018,790000,40890,0,1,0,1,74
2015,350000,34823,1,1,0,2,46
2017,1700000,75000,0,0,1,1,164
2017,750000,55545,0,1,0,1,94
2014,409999,70935,0,1,0,1,43
2016,220000,43700,1,0,0,1,55
2009,68000,120000,1,0,0,2,145
2017,290000,20000,1,0,0,1,55
2014,600000,27483,0,1,0,1,48
2019,470000,8000,1,0,0,1,107
2008,150000,30000,1,0,0,1,67
2014,180000,56207,1,1,0,2,91
2006,80000,70000,1,0,0,1,110
2018,875000,1440,1,0,0,1,52
2019,300000,50000,1,0,0,1,91
2017,1330000,91195,0,1,0,1,164
2011,220000,63657,0,1,0,1,170
2013,250000,60000,0,0,0,1,85
2016,919999,75000,0,1,0,1,164
2013,380000,97248,1,1,0,1,171
2012,450000,46000,0,0,0,1,107
2016,770000,10000,1,0,1,1,65
2018,550000,80000,0,0,0,1,107
2011,320000,100000,0,0,0,2,149
2013,400000,35000,1,0,0,1,106
2017,450000,50000,1,0,1,1,93
2011,220000,90000,0,0,0,3,106
2012,400000,150000,0,0,0,2,87
2013,530000,89000,1,0,0,2,65
2014,390000,60000,0,0,0,2,107
2012,185000,100000,0,0,0,2,28
2012,300000,100000,1,0,0,2,106
2014,575000,90000,0,0,0,2,107
2014,300000,75000,1,0,0,1,109
2017,425000,36000,0,1,0,1,162
2016,350000,12000,1,0,0,1,66
2017,550000,12997,0,1,0,1,43
2017,500000,40000,1,0,1,1,94
2015,600000,60000,0,0,0,1,81
2013,300000,25000,0,0,0,2,79
2018,1150000,26430,0,1,0,1,65
2015,475000,24600,1,1,0,1,107
2011,260000,28481,1,1,0,1,109
2013,350000,100000,1,0,0,1,35
2013,750000,41988,0,1,0,1,87
2009,180000,30375,1,1,0,1,109
2017,350000,7658,1,1,1,1,128
2017,611000,34400,0,1,0,1,107
2017,325000,18500,1,1,0,1,128
2012,225000,48000,1,1,0,1,55
2014,300000,28942,1,1,1,1,109
2017,400000,50000,0,0,0,2,74
2012,711000,53600,0,1,0,1,87
2015,851000,53652,0,1,0,1,164
2014,500000,25000,1,0,0,1,96
2007,250000,86297,0,0,0,2,164
2017,150000,50000,1,0,0,1,91
2016,610000,15000,0,0,0,2,81
2018,450000,5000,1,0,0,1,76
2017,744000,106000,0,0,0,1,68
2008,120000,100000,1,0,0,2,20
2016,220000,60000,1,0,0,3,128
2012,480000,120000,0,0,0,4,96
2017,370000,82000,1,0,1,1,93
2003,55000,35000,0,0,0,2,30
2013,125000,205000,1,0,0,1,55
2011,260000,125000,0,0,0,3,65
2015,350000,130000,0,0,0,1,29
2012,170000,97000,2,0,0,2,91
2015,350000,90000,1,0,0,2,59
2009,250000,60000,1,0,0,3,107
2013,170000,60000,0,0,0,1,146
2012,1300000,35000,0,0,0,1,81
2019,550000,20972,1,0,0,1,59
2017,400000,15000,1,0,0,1,46
2011,120000,20000,1,0,0,1,148
2010,275000,70000,1,0,0,1,38
2016,285000,90000,1,0,0,1,159
2016,900000,80000,0,0,0,1,54
2013,620000,70000,0,0,0,2,65
2018,1700000,5000,0,0,0,1,164
2018,650000,15000,1,0,0,1,38
2014,500000,35000,1,0,0,1,96
2009,250000,120000,0,0,0,2,149
2018,950000,15000,0,0,0,2,77
2015,320000,60000,1,0,0,1,162
2013,450000,120000,0,0,0,1,126
2016,350000,90000,0,0,0,1,76
2015,400000,90000,1,0,0,1,107
2009,250000,72000,0,0,0,2,68
2011,550000,197000,1,0,0,2,164
1999,85000,70000,1,0,0,2,110
2001,52000,50000,1,0,0,3,61
2017,1200000,50000,0,0,1,1,144
2011,450000,60000,1,0,1,3,65
2018,615000,40000,1,0,0,1,107
2012,400000,60000,0,0,0,2,106
2013,60000,40000,1,0,0,1,148
2017,500000,40318,1,0,0,1,101
2015,600000,45000,1,0,0,1,51
2010,110000,110000,1,0,0,1,58
2013,175000,80000,1,0,0,1,61
2011,325000,100000,0,0,0,2,37
2017,425000,90000,0,0,0,1,107
2009,160000,70000,2,0,0,3,53
2007,100000,80000,1,0,0,3,110
2014,390000,110000,0,0,0,2,107
2017,400000,50000,1,0,0,1,68
2018,509999,5000,1,0,0,1,155
2008,150000,90000,1,0,0,3,67
2009,110000,120000,1,0,0,1,61
2013,450000,80000,0,0,0,1,120
2017,400000,40318,1,0,0,2,68
2009,140000,120000,1,0,0,1,61
2011,130000,90000,0,0,0,1,146
2017,160000,50000,1,0,0,1,91
2016,150000,60000,1,0,0,1,91
2013,500000,100000,0,0,0,2,87
2011,40000,83658,1,0,0,1,148
2006,140000,200000,0,0,0,3,21
2015,227000,70000,0,0,0,2,85
2011,285000,50000,0,0,0,2,107
2012,155000,80408,1,0,0,2,91
2016,210000,30000,1,0,0,1,55
2009,140000,80000,1,0,0,2,91
2015,940000,128000,0,0,0,1,164
2013,750000,80000,0,0,0,1,121
2016,610000,100000,0,0,0,1,92
2015,450000,50000,0,0,0,1,120
2012,409999,80408,0,0,0,1,162
2018,100000,27542,1,0,0,1,55
2018,300000,10500,1,0,0,1,128
2013,400000,107000,0,0,0,1,74
2010,210000,60000,1,0,0,2,67
2006,90000,120000,1,0,0,2,61
2010,222000,70000,1,0,0,1,109
2015,240000,50000,1,0,0,2,91
2013,450000,70000,0,0,0,2,162
2016,239000,52608,1,1,0,1,14
2012,385000,52000,0,0,0,1,135
2014,600000,46507,0,2,0,1,107
2012,735000,55300,0,1,1,1,169
2012,285000,74300,0,1,0,1,145
2010,350000,48781,1,1,0,1,48
2012,290000,87620,0,1,1,1,169
2017,890000,40219,0,1,1,1,171
2011,385000,11473,1,1,0,1,50
2017,425000,8352,1,1,0,1,95
2017,525000,9745,1,1,1,1,109
2017,550000,9748,1,1,0,1,59
2012,271000,49000,1,1,0,1,170
2018,1490000,20694,0,1,0,1,54
2015,490000,31080,1,1,0,1,59
2014,260000,37605,1,1,0,1,55
2014,455000,55850,0,1,0,1,66
2010,75000,58850,1,1,0,1,148
2015,421000,23839,1,1,0,1,162
2016,550000,54000,0,1,0,1,107
2013,330000,38000,1,1,1,1,67
2012,390000,45454,0,1,0,1,171
2015,599000,46957,0,1,1,1,137
2007,110000,60000,1,0,0,2,58
2016,250000,25000,1,0,0,1,128
2012,600000,110000,0,0,0,4,81
2008,280000,190000,0,0,0,2,36
2008,80000,90000,1,0,0,1,80
2019,350000,5000,1,0,0,1,91
2015,475000,60000,0,0,0,1,107
2018,500000,50000,0,0,0,1,107
2014,250000,120000,1,0,0,1,19
2005,100000,120000,0,0,0,2,53
2019,350000,5000,1,0,0,1,91
2017,1900000,40318,1,0,1,1,160
2005,95000,120000,1,0,0,2,61
2015,409999,58000,0,0,0,1,59
2018,1050000,35000,0,0,0,1,87
2017,320000,30000,1,0,0,1,91
2019,1000000,10000,0,0,0,1,86
2017,1770000,25000,0,0,0,1,164
2018,950000,20000,0,0,0,1,84
2018,750000,50000,0,0,0,1,107
2014,220000,42000,1,0,0,1,55
2017,1000000,50000,0,0,0,1,144
2017,660000,116000,0,0,0,1,51
2015,716000,100000,0,0,0,1,96
2015,675000,66000,1,0,0,1,94
2010,385000,110000,0,0,0,3,81
2014,325000,70000,0,0,0,1,28
2015,950000,60000,0,0,0,1,54
2007,400000,110000,0,0,1,4,36
2014,250000,25000,0,0,0,1,145
2014,210000,20000,1,0,0,1,91
2011,147000,110000,1,0,0,2,67
2018,725000,26350,0,0,0,1,108
2012,550000,90000,0,0,0,1,81
2016,475000,25000,1,0,0,1,68
2014,250000,50000,1,0,0,2,61
2006,70000,60000,1,0,0,2,145
2012,160000,70000,1,0,0,3,55
2011,1000000,90000,0,0,1,2,36
2001,68000,70000,1,0,0,1,61
2017,500000,26500,1,0,0,1,59
2018,1300000,35000,0,0,0,1,81
2020,1050000,10000,0,0,0,1,54
2017,900000,50000,0,0,0,1,65
2019,550000,25000,1,0,0,1,59
2007,100000,52000,1,0,0,2,91
2013,300000,90000,0,0,0,1,68
2011,140000,60000,0,0,0,2,146
2018,550000,35000,1,0,0,1,38
2012,650000,71042,0,1,0,1,87
2012,1025000,167870,0,1,0,2,116
2011,195000,133564,0,1,0,1,37
2013,1490000,72215,0,1,1,1,9
2018,1140000,23038,1,2,1,1,48
2011,95000,70000,0,0,0,1,14
2016,239000,41000,1,0,0,1,14
2017,585000,40318,1,2,0,1,92
2018,825000,11212,1,2,1,1,92
2013,280000,52000,0,1,0,1,68
2016,725000,49217,1,2,0,1,92
2015,300000,90000,0,0,0,1,85
2016,375000,70000,1,0,0,1,66
2003,310000,90000,1,0,0,4,48
2011,375000,190000,0,0,0,3,107
2016,1950000,106000,0,0,1,1,36
2012,400000,80000,0,0,0,2,158
2014,550000,80000,0,0,0,2,121
2018,270000,20000,1,0,0,1,95
2012,555000,110000,0,0,0,2,96
2013,500000,60000,0,0,0,2,35
2010,400000,130000,0,0,1,2,135
2017,280000,28838,1,0,0,1,55
2008,80000,200000,1,0,0,1,145
2006,55000,100000,0,0,0,1,145
2014,250000,50000,1,0,0,1,91
2010,250000,190000,0,0,0,4,74
2007,95000,100000,0,0,0,2,75
2014,725000,135000,0,0,0,2,81
2015,320000,61703,0,0,0,3,74
2014,1200000,70935,0,0,1,3,136
2012,160000,50000,0,0,0,1,14
2018,790000,19571,0,1,0,1,50
2018,1200000,29600,1,1,0,1,48
2011,175000,70000,1,0,0,1,107
2018,950000,15000,0,0,1,1,108
2019,340000,50000,1,0,0,1,93
2017,825000,13500,0,0,0,1,125
2018,780000,25000,0,1,0,1,43
2010,350000,80000,1,0,1,3,161
2018,690000,39000,1,1,0,1,43
2016,245000,60000,1,0,0,1,91
2018,790000,49000,0,1,0,1,43
2018,680000,48600,1,1,0,1,43
2017,540000,20000,1,0,0,1,59
2016,425000,25000,1,0,0,1,76
2008,140000,120000,1,0,0,1,110
2019,1100000,30000,0,0,0,1,96
2015,715000,35000,0,0,0,1,130
2015,1750000,127643,0,1,1,1,6
2018,400000,54000,1,1,0,2,159
2014,1750000,102354,0,1,1,1,4
2014,1850000,62237,1,1,1,1,7
2005,114999,90000,1,1,0,2,61
2018,950000,21394,0,1,0,1,34
2015,310000,32686,1,1,0,1,23
2006,575000,1001,0,1,0,2,75
2017,490000,22000,0,1,0,1,131
2017,480000,53261,1,1,0,1,59
2018,370000,10000,1,1,0,1,128
2017,835000,14000,0,1,0,1,92
2017,650000,44000,1,1,0,1,170
2014,670000,39895,0,1,0,1,162
2017,950000,73000,0,1,1,1,16
2014,690000,17000,1,1,0,1,48
2017,670000,18591,1,1,0,1,170
2017,925000,26766,0,1,0,1,150
2015,250000,30000,1,0,0,1,55
2016,509999,42000,0,0,0,1,153
2014,520000,110000,0,0,0,1,48
2005,100000,100000,0,0,0,1,145
2006,85000,90887,0,0,0,2,145
2009,130000,110000,0,0,0,3,146
2018,950000,27620,0,1,0,1,34
2015,450000,70000,1,0,0,1,38
2012,320000,50000,1,0,0,2,48
2015,480000,50000,0,0,0,1,107
2012,790000,82000,0,0,0,1,164
2016,120000,120000,1,0,0,1,102
2006,75000,80000,1,0,0,3,91
2010,99000,70000,1,0,0,1,145
2018,1015000,20000,0,0,0,1,104
2013,250000,200000,0,0,0,2,88
2011,520000,120000,0,0,0,1,164
2018,1100000,30000,0,0,1,1,65
2005,200000,75125,0,0,0,1,164
2016,525000,60000,0,0,0,1,107
2016,500000,40000,1,0,0,1,68
2016,675000,161327,0,0,0,1,81
2009,150000,60000,1,0,0,3,67
2007,250000,50000,0,0,0,1,74
2018,450000,6000,1,0,0,1,59
2009,150000,68000,1,0,0,2,61
2012,200000,85000,0,0,0,1,14
2011,525000,70000,0,0,1,1,81
1999,60000,35000,1,0,0,2,97
2010,180000,100000,0,0,0,2,107
2015,475000,110000,0,0,0,1,43
2010,380000,195000,0,0,1,2,81
2015,285000,46000,1,0,0,2,91
2008,91200,60000,1,0,0,2,91
2015,400000,42000,0,0,0,1,59
2006,160000,90000,1,0,1,2,61
2012,650000,85000,0,0,0,2,139
2012,409999,120000,0,0,0,3,65
2013,425000,72000,0,0,0,1,35
2013,250000,71000,1,0,0,2,109
2009,200000,110000,1,0,0,4,107
2013,250000,71000,2,0,0,2,109
2010,130000,144000,0,0,0,4,170
2017,260000,30000,1,1,0,1,95
2007,155000,65000,1,1,0,1,65
2015,450000,38000,0,0,0,1,50
2012,220000,90000,1,0,0,2,106
2018,650000,37000,0,1,0,1,68
2018,285000,30000,1,1,0,1,91
2018,725000,26000,1,1,1,1,43
2016,625000,30000,1,1,0,1,94
2016,550000,23000,1,1,0,1,68
2012,240000,40000,1,1,0,1,67
2014,600000,27000,0,1,0,1,121
2012,350000,65000,0,1,0,1,149
2015,245000,32000,1,1,0,1,55
2016,600000,56000,0,1,0,1,74
2014,620000,80000,0,1,0,1,81
2014,395000,52000,1,1,0,2,107
2014,635000,13250,1,1,0,1,96
2011,180000,36000,1,1,0,1,91
2015,484999,73000,0,1,0,2,107
2004,110000,60000,1,0,0,1,91
2006,150000,60000,1,0,0,2,109
2012,400000,110000,0,0,0,1,21
2012,200000,70000,0,0,0,2,145
2013,302000,60000,0,0,0,2,126
2011,215000,90000,0,0,0,4,107
2004,155000,80000,1,0,0,2,109
2014,1000000,101000,0,0,0,2,164
2018,550000,44000,0,0,0,1,74
2006,200000,45000,1,0,0,1,107
2017,750000,120000,0,0,0,1,81
2005,90000,90000,1,0,0,2,110
2007,80000,120000,1,0,0,2,109
2013,229999,13500,1,0,0,1,55
2017,350000,10000,1,0,0,1,128
2015,325000,25000,1,0,0,3,59
2018,450000,8500,1,0,0,1,155
2012,250000,120000,0,0,0,1,106
2012,225000,120000,0,0,0,1,170
2009,150000,90246,1,0,0,3,91
2012,110000,90000,1,0,0,2,91
2010,150000,40000,1,0,0,2,91
2000,165000,60000,1,0,0,4,100
2017,610000,32000,0,0,0,2,126
2013,170000,60400,0,0,0,1,147
2008,150000,70950,0,0,0,2,65
2015,375000,72000,0,0,0,1,66
2013,390000,90000,0,0,0,1,107
2017,600000,10000,1,0,0,1,68
2014,204999,25000,1,0,0,2,91
2009,270000,80000,0,0,0,2,65
2017,375000,10000,1,0,0,1,59
2020,700000,1100,1,0,0,1,92
2017,455000,40000,1,0,0,1,107
2017,375000,10000,1,0,0,1,67
2014,341000,31491,1,0,0,1,59
2014,200000,107143,0,0,0,2,107
2017,450000,15000,1,0,1,1,101
2012,170000,50000,1,0,0,2,61
2017,1900000,100000,0,0,0,1,164
2016,500000,60000,0,0,0,1,74
2016,819999,85000,0,0,0,1,108
2014,351000,40000,1,0,0,2,107
2011,195000,80000,1,0,0,2,67
2008,250000,82000,0,0,0,2,107
2008,120000,70000,1,0,0,2,110
2009,180000,70000,1,0,0,3,90
2016,430000,20000,0,0,0,1,76
2012,75000,35000,1,0,0,2,148
2017,750000,80000,0,0,0,1,88
2011,60000,40000,1,0,0,1,148
2015,1500000,46412,0,0,0,1,164
2011,390000,150000,0,0,0,4,74
2016,630000,50000,0,0,0,1,83
2018,1085000,15000,0,0,0,1,151
2012,190000,60000,1,0,0,2,67
2018,550000,25000,1,0,1,1,92
2012,200000,90000,1,0,0,3,91
2011,165000,83658,1,0,0,1,20
2013,260000,65000,0,0,0,1,38
2011,151000,40000,1,0,0,1,91
2018,780000,50000,0,0,0,1,108
2012,175000,80000,0,0,0,3,145
2010,170000,107500,0,1,0,1,145
2013,210000,135000,0,1,0,2,145
2007,90000,43826,1,1,0,2,91
2016,535000,55838,1,1,0,1,68
2007,195000,112880,0,1,0,1,107
2011,140000,83658,0,0,0,3,145
2012,350000,40000,1,0,0,1,120
2013,425000,66000,0,0,0,1,65
2017,300000,30300,1,0,0,1,128
2013,340000,85000,0,0,0,1,171
2009,250000,80659,1,1,0,1,107
2008,170000,81324,1,1,0,1,13
2013,315000,127884,0,1,0,1,43
2015,200000,50000,1,0,0,1,14
2016,300000,25000,1,0,0,1,14
2015,300000,66755,0,1,0,1,43
2013,380000,123084,1,1,0,1,48
2009,250000,83464,1,1,0,2,107
2013,310000,95851,0,1,0,1,43
2010,260000,50000,1,0,0,1,109
2008,150000,50000,1,0,0,2,102
2006,85000,60000,1,0,0,2,97
2012,280000,15000,1,0,0,2,91
2016,850000,40000,0,0,0,1,88
2017,375000,20000,1,0,0,2,23
2006,125000,120000,0,0,0,3,56
2012,250000,110000,0,0,0,1,14
2014,715000,70935,0,0,0,1,161
2011,220000,70000,0,0,0,1,68
2010,110000,110000,0,0,0,2,145
2007,150000,84000,1,0,0,2,65
2012,300000,170000,0,0,0,1,120
2017,220000,40000,1,0,0,1,24
2006,75000,96000,1,0,0,2,109
2009,100000,20000,0,0,0,1,146
2016,380000,15000,1,0,0,1,38
2007,100000,50000,1,0,0,1,61
2012,300000,80408,0,0,0,1,162
2013,190000,70000,0,0,0,1,14
2012,190000,130000,0,0,0,2,38
2017,650000,19014,1,0,0,1,34
2009,300000,23262,1,1,0,1,161
2016,700000,29600,0,1,0,1,39
2015,310000,35925,1,1,0,1,67
2018,500000,12000,1,0,0,1,101
2013,415000,40771,1,1,0,1,162
2015,395000,30500,1,1,1,2,93
2014,430000,42000,1,1,0,2,162
2007,215000,55800,1,0,0,2,161
2014,550000,66569,0,1,0,1,126
2014,415000,81358,0,1,0,1,170
2015,450000,82695,0,1,0,1,170
2014,285000,68293,0,1,0,2,38
2016,580000,32000,1,1,1,1,50
2014,300000,70935,0,1,0,1,107
2018,1200000,60000,0,0,0,1,65
2006,78000,64700,1,0,0,1,89
2016,400000,88470,1,0,0,1,159
2016,850000,75000,0,0,0,1,65
2013,450000,120000,0,0,0,2,171
2017,780000,70000,0,0,0,1,162
2020,350000,1000,1,0,0,1,91
2013,285000,72215,0,0,0,2,79
2015,525000,98000,0,1,0,1,171
2014,550000,90000,0,1,0,2,94
2018,580000,27542,0,0,0,1,167
2013,75000,25000,1,0,0,3,148
2009,185000,60000,0,0,0,3,147
2007,110000,90000,1,0,0,4,102
2004,180000,200000,1,0,0,2,48
2010,350000,110000,0,0,0,2,170
2005,60000,126000,1,0,0,2,18
2018,695000,70000,0,0,0,1,83
2007,135000,74183,1,0,0,2,110
2015,640000,70000,0,0,0,2,74
2014,160000,90000,1,0,0,1,91
2004,80000,46000,1,0,0,2,145
2013,340000,110000,0,0,0,2,107
2012,110000,80000,0,0,0,2,103
2013,250000,90000,0,0,0,2,153
2017,1300000,70000,0,0,0,1,164
2014,250000,1,0,0,0,2,79
2009,450000,192000,0,0,0,1,164
2013,240000,70000,1,0,0,4,109
2007,225000,120000,0,0,0,2,74
2015,275000,60000,1,0,0,2,109
2012,320000,120000,0,0,0,2,153
2008,75000,120000,1,0,0,1,91
2007,85000,50000,1,0,0,2,145
2009,90000,120000,0,0,0,1,145
2007,85000,80000,1,0,0,2,109
2008,350000,80000,0,0,0,2,81
2009,355000,100000,0,0,1,2,138
2020,619000,1500,1,0,0,1,107
2018,1700000,50000,0,0,0,1,71
2006,55000,100000,0,0,0,2,145
2006,95000,83411,1,0,0,1,37
2011,300000,120000,0,0,0,2,171
2006,81000,83411,1,0,0,1,37
2015,1000000,80000,0,0,1,2,138
2019,925000,50000,0,0,0,1,96
2015,450000,40000,0,0,0,1,74
2014,600000,13270,0,0,0,1,81
2006,85000,100000,1,0,1,3,61
2016,700000,50000,0,0,0,1,84
2017,486000,26500,1,0,0,1,59
2013,400000,90000,0,0,0,1,107
2008,120000,100000,1,0,0,3,37
2018,275000,35000,1,0,0,1,91
2016,580000,57000,0,0,0,1,68
2015,375000,70000,1,0,0,1,107
2015,229999,100000,1,0,0,3,109
2010,110000,88000,1,0,0,2,91
2017,600000,60000,0,0,0,1,107
2009,120000,83464,1,0,0,2,90
2010,200000,100000,0,0,0,2,38
2012,450000,110000,0,0,0,2,65
2012,550000,80000,0,0,0,2,65
2012,220000,80000,1,0,0,2,91
2001,40000,30000,1,0,0,1,89
2017,300000,20000,1,0,1,1,128
2018,630000,40000,0,0,0,1,74
2017,610000,40000,0,0,0,2,107
2019,660000,7000,1,0,0,2,66
2012,220000,80000,3,0,0,1,109
2011,138000,90000,0,0,0,2,119
2013,210000,13770,0,0,0,1,119
2005,125000,34000,1,1,0,1,110
2008,125000,102000,1,1,0,1,91
2014,725000,110000,0,0,0,1,48
2011,170000,90000,1,0,0,2,91
2015,1200000,70000,0,0,0,3,164
2003,70000,90000,1,0,0,2,109
2007,100000,70000,1,0,0,2,91
2006,300000,80000,1,0,0,2,49
2013,450000,100000,0,0,0,2,107
2015,530000,100000,0,0,0,1,107
2007,100000,143000,1,0,0,3,110
2010,350000,115000,1,0,0,2,48
2011,165000,100000,0,0,0,1,147
2019,475000,120000,0,0,0,2,107
2013,350000,42000,0,0,0,1,88
2016,229999,38000,1,0,0,1,128
2018,800000,27542,0,0,0,1,52
2014,475000,120000,0,0,0,2,107
2014,425000,136906,0,0,0,1,121
2015,660000,97000,0,0,0,2,94
2019,610000,10000,1,0,1,1,43
2013,240000,50000,1,0,0,3,46
2005,70000,60000,1,0,0,2,97
2011,550000,120000,0,0,0,1,161
2010,100000,120000,1,0,0,2,145
2010,350000,90000,0,0,0,2,74
2013,200000,120000,1,0,0,1,55
2019,720000,3000,1,0,1,1,57
2014,350000,133000,0,0,0,1,103
2016,400000,25000,1,0,0,1,109
2017,570000,35000,1,0,0,1,68
2015,130000,70000,1,0,0,1,102
2016,210000,52000,1,0,0,1,91
2018,800000,52000,0,0,0,1,54
2017,700000,39000,0,0,0,1,50
2011,200000,28689,0,0,0,1,145
2014,495000,90000,0,0,0,2,141
2014,325000,80322,0,1,0,1,37
2019,650000,8000,1,0,0,1,39
2000,155000,50000,0,0,0,2,75
2005,75000,90000,1,0,0,2,89
2015,350000,61658,0,1,0,1,59
2010,90000,50000,1,0,0,3,110
2016,600000,80000,0,0,0,1,96
2010,400000,185000,0,0,0,1,81
2014,370000,57000,0,0,0,2,107
2000,50000,60000,1,0,0,1,89
2004,125000,120000,1,0,0,2,48
2018,1800000,27542,0,0,1,1,47
2019,650000,20000,1,0,1,1,59
2017,800000,30600,0,0,1,1,96
2020,802000,5000,1,0,0,1,170
2016,430000,35000,0,0,0,1,66
2017,650000,23000,1,0,0,1,65
2004,170000,120000,0,0,0,1,81
2011,450000,83658,0,0,1,1,138
2013,250000,87000,1,0,0,1,91
2014,550000,72000,1,0,0,2,35
2013,2000000,64000,0,0,1,2,70
2007,140000,100000,1,0,0,2,110
2012,155000,12000,1,0,0,1,14
2010,120000,67000,1,0,0,3,53
2012,287000,70000,0,0,0,1,164
2016,675000,60000,0,0,0,1,92
2011,235000,74500,1,0,0,2,67
2011,300000,118700,0,0,0,2,68
2015,434999,40000,1,0,1,2,119
2004,225000,88638,0,0,1,3,81
2006,160000,140000,1,0,0,2,161
2020,600000,5000,1,0,0,1,59
2016,470000,100000,0,0,0,2,21
2011,300000,100000,1,0,0,2,107
2018,600000,2000,1,0,0,1,92
2020,640000,4000,1,0,1,1,59
2006,50000,120000,0,0,0,4,145
2015,600000,35000,1,0,0,1,65
2014,290000,29000,3,0,0,1,67
2015,600000,30000,1,0,0,1,65
2012,190000,120000,0,0,0,1,147
2008,160000,110000,1,0,0,3,67
2017,325000,15000,1,0,0,1,91
2006,200000,73756,0,0,0,1,74
2011,125000,60000,1,0,0,3,20
2008,155000,60000,1,0,0,4,67
2015,550000,90000,0,0,0,1,68
2009,130000,70000,1,0,0,4,109
2002,80000,70000,1,0,0,2,89
2015,500000,80000,0,0,0,2,162
2019,250000,20972,1,0,0,1,128
2012,580000,70000,0,0,0,1,87
2002,60000,84118,1,0,0,1,22
2012,300000,185000,0,0,0,1,162
2014,200000,90000,0,0,0,2,38
2017,1200000,16400,0,0,0,1,144
2015,350000,80000,0,0,0,2,162
2012,600000,80000,0,0,0,2,87
2019,650000,20972,1,0,0,1,50
2008,120000,40000,1,0,0,1,90
2010,180000,120000,0,0,0,2,149
2018,950000,41395,1,0,1,1,65
2012,250999,35000,0,0,0,2,147
2009,1250000,47000,0,1,1,2,5
2013,165000,50000,1,0,0,1,14
2015,700000,48000,1,1,0,1,56
2015,750000,53000,0,1,0,1,87
2018,290000,27542,1,1,1,1,25
2014,45000,7000,1,0,0,2,148
2013,675000,88000,0,1,1,1,138
2015,530000,55000,0,1,0,1,121
2014,1485000,48000,0,1,1,1,12
2014,325000,71014,0,1,0,1,17
2015,400000,60000,0,1,0,1,43
2017,380000,71000,0,1,0,1,76
2016,750000,45000,1,1,1,1,48
2017,390000,40318,1,1,0,1,46
2019,1825000,14000,0,1,0,1,73
2015,370000,60000,0,1,0,1,132
2013,210000,80000,0,0,0,2,14
2007,175000,86297,0,0,0,4,135
2012,575000,89550,0,0,0,2,65
2010,320000,90000,0,0,0,3,88
2010,280000,149500,0,0,0,3,107
2013,500000,190000,0,0,0,2,126
2013,380000,83000,0,1,0,1,37
2005,120000,20000,1,0,0,2,89
2018,395000,20000,1,0,0,1,95
2010,360000,160000,0,0,0,1,135
2015,451000,100000,0,0,0,1,121
2010,175000,45000,1,0,0,2,20
2009,170000,44800,1,0,0,2,20
2006,100000,40000,1,0,0,2,61
2014,150000,120000,1,0,0,3,102
2011,149000,10000,0,0,0,2,145
2011,160000,80000,0,0,0,2,145
2014,800000,156000,0,0,0,1,87
2010,819999,120000,0,0,0,2,164
2007,163000,100000,1,0,0,2,92
2001,350000,100000,0,0,0,2,112
2006,75000,100000,1,0,0,2,145
2012,180000,60000,1,0,0,2,91
2017,675000,40318,0,0,0,1,38
2013,400000,170000,0,0,0,1,107
2013,434999,100000,0,0,0,2,170
2006,100000,110000,1,0,0,2,146
2015,419000,170000,0,0,0,2,107
2009,200000,100000,1,0,0,1,145
2014,400000,35000,0,0,0,1,132
2018,790000,40000,0,0,0,2,34
2015,500000,90000,0,0,0,2,126
2012,275000,120000,0,0,0,2,137
2012,450000,80408,0,0,0,2,68
2019,700000,16000,1,0,0,1,92
2017,500000,50000,1,0,0,1,59
2015,500000,10000,1,0,0,1,92
2016,360000,33000,1,1,0,1,109
2010,210000,25000,1,0,0,1,91
2014,220000,66000,1,1,0,1,91
2009,250000,48000,1,0,0,1,13
2016,990000,146000,0,1,0,1,164
2013,220000,100000,0,0,0,4,79
2012,1800000,50000,0,0,1,2,70
2014,530000,50000,1,0,0,1,48
2016,575000,50000,0,0,0,1,92
2012,400000,99000,0,1,0,1,88
2016,680000,50000,0,0,0,1,51
2014,1000000,80000,0,0,1,1,60
2016,260000,45000,1,0,0,2,91
2010,150000,50000,1,0,0,2,147
2008,180000,70000,1,0,0,3,91
2015,450000,20000,0,0,0,1,88
2019,500000,5000,1,0,0,1,59
2019,700000,8000,0,0,0,1,59
2019,280000,25880,1,0,0,1,91
2019,475000,10000,1,0,1,1,61
2009,300000,50000,0,0,0,1,107
2014,200999,40000,1,0,0,1,91
2009,200000,100000,0,0,0,3,135
2009,210000,80000,1,0,0,2,13
2012,160000,80408,0,0,0,1,146
2009,175000,136000,0,0,0,2,65
2012,320000,80000,0,0,0,1,149
2009,110000,50000,1,0,0,2,91
2008,300000,30000,1,0,0,1,109
2012,700000,10000,1,0,0,1,48
2009,135000,90000,0,0,0,4,145
2015,500000,110000,0,0,0,1,74
2012,550000,120000,0,0,0,2,81
2014,1050000,90000,0,0,0,3,164
2016,500000,20000,1,0,0,1,48
2011,180000,90000,0,0,0,2,103
2010,170000,50000,1,0,0,2,61
2019,484999,9000,1,0,0,1,46
2011,150000,70000,1,0,0,2,90
2018,380000,25000,1,0,0,1,91
2019,480000,10000,1,0,0,1,61
2011,290000,60000,0,0,0,2,170
2013,350000,70000,1,0,0,1,29
2014,110000,25000,1,0,0,1,91
2003,70000,80000,1,0,0,3,61
2011,300000,70000,1,0,1,3,171
2017,180000,60000,1,0,0,1,91
2020,300000,20000,1,0,0,1,128
2017,509000,60000,1,0,0,1,92
2016,650000,80000,0,0,0,1,106
2015,450000,70000,0,0,0,3,107
1999,170000,2020,0,0,0,2,75
2007,210000,100000,0,0,0,2,81
2013,360000,80000,0,0,0,2,68
2011,495000,120000,0,0,0,2,164
2006,105000,100000,1,0,0,3,91
2010,270000,60000,1,0,0,3,68
2010,130000,110000,1,0,0,1,38
2014,700000,90000,0,0,0,2,48
2012,400000,40000,0,0,0,1,16
2009,250000,60000,1,0,0,2,107
2013,325000,94000,0,0,0,2,43
2012,69000,100000,1,0,0,1,91
2018,1380000,25000,0,0,0,1,81
2007,90000,90000,1,0,0,1,110
2016,1000000,40000,0,0,0,1,87
2010,145000,90000,2,0,0,2,53
2020,250000,1100,1,0,0,4,91
2011,256000,70000,0,0,0,3,107
2005,70000,120000,0,0,0,1,145
2000,50000,88500,1,0,0,4,109
2016,240000,70000,1,0,0,2,128
2010,97000,128000,1,0,0,1,145
2012,130000,120000,0,0,0,1,146
2009,199000,83464,1,0,0,1,107
2006,125000,70000,1,0,1,1,49
2015,420000,60000,0,0,0,1,66
2016,525000,110000,0,0,0,1,78
2008,125000,85000,1,0,0,1,61
2010,325000,135000,0,0,0,1,65
2012,330000,86000,0,0,0,4,171
2010,110000,50000,1,0,0,1,109
2019,450000,1950,1,0,0,1,105
2005,85000,118400,1,0,0,1,107
2007,229999,86297,1,0,0,2,49
2012,250000,60000,1,0,0,2,67
2015,650000,68000,0,0,0,1,35
2017,650000,6480,1,2,0,1,162
2017,750000,32077,0,2,0,1,108
2018,850000,27542,1,2,0,1,166
2017,315000,18469,1,2,0,1,55
2015,415000,28217,1,2,0,1,107
2016,640000,72787,0,2,0,1,94
2017,780000,31063,1,2,0,1,94
2015,850000,58692,0,2,0,1,54
2015,900000,54784,0,2,0,1,54
2016,1150000,64156,1,2,0,1,161
2007,75000,54000,1,0,0,1,97
2012,215000,97000,0,0,0,1,171
2009,130000,120000,1,0,1,2,106
2019,400000,16000,1,0,1,1,61
2019,550000,60000,1,0,1,1,107
2016,245000,52000,1,1,0,1,14
2010,320000,110000,0,0,0,4,107
2016,730000,52608,0,0,1,2,83
2005,120000,100000,1,0,0,3,40
2017,950000,35000,1,0,0,1,48
2017,350000,48000,1,0,0,3,109
2005,100000,20000,1,0,0,2,97
2017,350000,30000,1,0,0,1,109
2005,80000,40000,1,0,0,2,109
2013,370000,72215,1,0,0,1,65
2012,160000,70000,1,0,0,2,55
2009,130000,120000,0,0,0,1,153
2016,250000,30000,1,0,0,1,19
2012,270000,80000,0,0,0,2,149
2013,160000,80000,1,0,0,1,55
2016,229999,80000,1,0,0,1,55
2017,750000,29000,0,0,0,1,74
2011,195000,120000,0,0,0,1,18
2016,270000,22000,1,0,0,1,24
2012,300000,50000,1,0,0,1,134
2012,200000,50000,0,0,0,1,14
2007,120000,81366,1,0,0,1,110
2006,95000,110000,1,0,0,1,97
2006,229999,90887,0,0,0,1,164
2012,300000,90000,0,0,0,1,127
2016,200000,53000,1,0,0,2,128
2017,250000,30000,1,0,0,1,91
2012,368000,90000,1,0,0,2,107
2014,650000,70935,0,0,0,1,164
1997,150000,120000,0,0,0,3,75
2012,180000,60000,3,0,0,1,109
2017,525000,15000,1,0,0,1,59
2005,350000,150000,0,0,0,2,36
2018,850000,30000,0,0,0,2,83
2011,350000,83658,0,0,0,3,169
2005,160000,67000,1,0,0,1,107
2017,500000,40000,0,0,0,1,107
2008,130000,100000,1,0,0,1,61
2015,350000,100000,0,0,0,2,159
2005,70000,80000,1,0,0,1,109
2014,750000,145000,0,0,0,2,164
2013,450000,53000,0,0,0,1,43
2015,430000,73000,0,0,0,3,107
2011,260000,90000,0,0,0,3,106
2013,370000,80000,0,0,0,3,107
2011,229999,100000,2,0,0,1,13
2011,140000,90000,0,0,0,3,38
2013,700000,200000,0,0,0,1,164
2020,545000,7300,1,0,0,1,57
2017,200000,30000,1,0,0,1,24
2015,500000,120000,0,0,0,1,151
2008,70000,90000,1,0,0,2,91
2013,580000,25000,0,0,0,3,84
2012,160000,70000,2,0,0,2,95
2010,160000,36000,1,0,0,1,91
2016,760000,49000,0,0,0,1,96
2015,300000,22000,1,0,0,1,55
1998,50000,35000,3,0,0,2,102
2019,800000,24000,0,0,0,1,74
2018,680000,20000,0,0,0,1,107
2005,85000,50000,3,0,0,2,89
2016,1300000,70000,0,0,0,1,164
2016,500000,60000,1,0,0,1,107
2008,145000,60000,1,0,0,1,53
2013,300000,60000,0,0,0,1,79
2017,600000,60000,0,0,0,2,107
2015,400000,70000,1,0,0,2,107
2007,130000,135000,1,0,0,2,61
2001,45000,72539,1,0,0,2,89
2017,641000,25000,1,0,0,1,92
2015,650000,50000,0,0,0,1,107
2020,784000,101,0,1,0,0,39
2020,635000,101,1,0,0,0,38
2020,1000000,101,0,1,0,0,35
2015,495000,52328,0,1,0,1,38
2013,324000,30000,1,0,0,1,61
2016,2100000,91505,0,1,1,1,36
2018,200000,35000,1,0,0,1,91
2015,320000,60000,0,0,0,1,107
2015,300000,20500,1,0,0,1,55
2013,180000,200000,0,0,0,1,145
2008,500000,154000,0,0,0,3,164
2011,305000,120000,1,0,0,2,162
2009,125000,50000,1,0,0,4,89
2015,800000,135000,0,0,0,1,107
2009,420000,100000,0,0,0,1,81
2018,875000,40000,0,0,0,1,108
2014,580000,70000,0,0,0,1,107
2011,350000,133000,0,0,0,2,107
2004,120000,110000,1,0,0,2,53
2013,150000,180000,0,0,0,3,145
2013,650000,120000,0,0,0,1,126
2010,225000,80000,1,0,0,2,91
2014,400000,15000,1,0,1,1,43
2005,250000,70000,1,0,0,1,58
2008,120000,41723,1,0,0,2,61
2010,250000,70000,1,0,0,1,106
2012,175000,20000,1,0,0,1,91
2018,590000,26350,0,1,0,1,101
2015,225000,68745,0,1,0,1,146
2016,900000,47000,0,0,0,1,87
2017,375000,27289,1,1,1,1,91
2016,320000,24662,1,1,0,1,55
2013,525000,37000,0,1,0,1,107
2014,650000,28245,0,1,0,1,117
2017,575000,27005,0,1,0,1,59
2014,355000,39227,1,1,0,1,67
2016,470000,31367,0,1,0,1,76
2008,221000,35008,1,1,0,1,109
2009,195000,27005,1,1,0,1,61
2004,90000,100005,1,1,0,2,61
2013,580000,45264,0,1,0,1,65
2014,325000,39093,1,1,0,1,95
2013,495000,45241,1,1,0,1,48
2014,290000,12000,1,1,0,1,55
2018,375000,2769,1,1,0,1,24
2010,211000,43128,0,1,0,1,145
2004,70000,50000,1,0,0,2,91
2010,225000,60000,1,0,0,2,67
2014,420000,70000,0,0,0,3,81
2015,280000,22255,1,0,0,1,19
2013,400000,59213,1,0,0,1,68
2015,850000,55000,0,0,0,1,87
2011,550000,80000,0,0,0,1,37
2018,1000000,40000,0,0,0,1,125
2014,350000,170000,0,0,0,1,88
2011,350000,170000,0,0,0,2,149
2007,170000,70000,1,0,0,3,49
2020,828999,1010,1,1,0,0,32
2020,1119000,1010,1,1,0,0,34
2020,746000,1111,1,1,0,0,38
2020,1030000,1010,1,1,0,0,35
2020,1334000,1010,0,1,0,0,34
2020,811999,1010,1,1,0,0,39
2020,1331000,1010,0,1,0,0,35
2020,852000,1010,1,1,0,0,39
2006,45000,120000,0,0,0,2,145
2013,430000,70000,0,0,0,3,126
2015,830000,70000,0,0,0,1,81
2009,409999,110000,0,0,0,2,81
2012,190000,80000,0,0,0,3,107
2007,200000,80000,1,0,0,2,42
2006,120000,110000,1,0,0,2,53
2019,850000,50000,0,0,0,1,74
2011,95000,115000,0,0,0,4,146
2013,213000,80000,1,0,0,1,109
2018,660000,25000,0,0,0,1,167
2017,415000,48965,1,1,0,1,119
2019,1100000,5166,1,1,0,0,35
2012,650000,76290,0,1,0,1,87
2016,969999,70000,0,0,1,2,87
2016,1250000,35000,0,0,0,1,87
2017,715000,25000,0,0,1,1,107
2016,565000,47000,0,1,0,1,107
2013,615000,45766,0,0,0,2,84
2007,199000,78771,0,1,0,2,149
2010,325000,79357,0,1,0,1,107
2012,409999,28000,0,0,0,1,38
2012,500000,72000,0,1,1,2,65
2011,225000,76736,0,1,0,2,38
2012,135000,70000,1,0,0,2,91
2012,750000,80000,0,0,1,2,129
2009,155000,60000,3,0,0,2,109
2012,335000,77000,0,1,0,3,170
2005,114999,92645,0,1,0,4,41
2007,699000,101849,0,1,0,2,113
2004,110000,120000,0,0,0,4,74
2012,300000,80000,1,0,0,1,68
2014,700000,70000,0,0,0,2,81
2017,700000,120000,0,0,0,1,96
2013,210000,42000,1,0,0,3,91
2012,600000,120000,0,0,0,3,96
2012,180000,155836,0,0,0,2,147
2011,220000,59000,1,0,0,2,109
2009,70000,60000,1,0,0,1,20
2018,950000,70000,0,0,0,2,54
2014,800000,20000,0,0,0,1,37
2012,700000,120000,0,0,0,3,87
2016,265000,40000,1,0,0,1,128
2011,175000,90000,0,0,0,3,170
2012,260000,89000,0,0,0,2,79
2013,950000,80000,0,0,0,3,164
2009,250000,200000,0,0,0,4,107
2015,630000,61703,0,0,0,1,81
2012,35000,35000,1,0,0,3,148
2016,535000,52608,0,0,0,1,54
2017,550000,40318,1,1,1,1,59
2014,330000,200000,0,0,0,3,17
2009,150000,120000,1,0,0,1,91
2008,105000,90000,0,0,0,1,146
2013,185000,65000,0,0,0,1,145
2014,260000,50000,0,0,0,1,28
2012,450000,33000,0,0,0,1,107
2016,500000,38000,1,0,0,1,107
2012,260000,40000,1,0,0,1,91
2012,265000,55000,0,0,0,2,170
2015,800000,26000,0,0,0,2,84
2016,869999,80000,0,0,0,1,151
2018,690000,40000,1,0,0,1,92
2011,825000,120000,0,0,0,1,116
2006,160000,63230,1,0,0,2,91
2006,300000,120000,0,0,0,2,81
2005,100000,100000,1,0,0,3,109
2015,530000,77000,0,0,0,2,68
2016,360000,30000,1,0,0,1,107
2015,220000,40000,1,0,0,1,107
2017,178000,35000,1,0,0,1,91
2018,515000,5000,0,0,0,1,84
2014,300000,35000,1,0,0,1,103
2012,150000,80000,0,0,0,2,145
2017,750000,15000,1,0,0,1,150
2017,800000,26000,0,0,0,2,84
2012,950000,80000,0,0,0,1,164
2006,90000,40000,1,0,0,2,89
2008,65000,110000,1,0,0,3,145
2012,312000,90000,0,0,0,2,65
2018,700000,25000,0,0,0,1,108
2005,150000,47000,1,0,0,1,61
2013,450000,60000,0,0,0,1,127
2010,229999,120000,0,0,0,2,65
2008,111000,120000,0,0,0,1,107
2012,250000,140000,0,0,0,2,107
2019,750000,1001,0,1,0,1,39
2017,774000,1758,1,1,1,1,38
2018,711000,1452,1,1,1,1,38
2017,600000,35122,0,1,0,1,38
2015,455000,92621,0,1,0,1,107
2015,225000,92198,1,1,0,2,23
2019,650000,5000,0,0,0,1,107
2013,200000,72215,1,0,0,1,14
2016,875000,74000,0,0,1,1,54
2017,750000,40000,0,0,1,1,137
2019,725000,22000,0,0,1,1,107
2007,100000,100000,1,0,0,2,91
2019,1100000,40000,0,0,0,1,144
2016,280000,23000,1,0,0,1,128
2009,150000,30000,0,0,0,1,145
2010,200000,50000,1,0,0,1,147
2010,148000,100000,0,0,0,2,103
2011,254999,70000,1,0,0,2,107
2013,360000,60000,1,0,0,2,107
2006,95000,90000,1,0,0,2,91
2007,185000,86297,0,0,0,2,74
2012,185000,40000,0,0,0,1,145
2019,300000,15000,1,0,0,1,128
2018,800000,40000,1,0,0,1,65
2000,60000,50000,1,0,0,1,110
2010,80000,50000,1,0,0,2,31
2018,500000,8000,1,0,0,1,66
2013,250000,35000,1,0,0,1,55
2010,250000,80000,0,0,0,1,149
2005,125000,50000,1,0,0,2,109
2002,100000,80000,1,0,0,4,91
2010,480000,90000,0,0,0,1,81
2018,320000,30000,1,0,0,2,76
2010,130000,70000,1,0,0,2,90
2006,57000,90887,0,0,0,2,145
2005,75000,60000,1,0,0,1,61
2003,60000,35000,1,0,0,1,89
2008,125000,70000,1,0,0,1,91
2004,105000,100000,1,0,0,3,48
2008,125000,152000,3,0,0,2,109
1998,69000,70000,1,0,0,2,110
2012,130000,90000,0,0,0,2,146
2019,630000,40000,1,0,0,1,92
2016,330000,50000,1,0,0,2,43
2014,340000,15000,1,0,0,2,109
2006,60000,120000,1,0,0,3,61
2014,550000,78322,0,0,0,1,151
2014,480000,110000,0,0,0,2,96
2013,315000,80000,0,0,0,2,65
2012,165000,120000,0,0,0,1,37
2016,170000,125000,1,0,0,1,14
2018,550000,8000,1,0,0,1,92
2018,465000,13000,1,0,0,1,167
2012,120000,80000,0,0,0,3,145
2008,220000,54309,1,0,0,1,65
2011,180000,70000,0,0,0,2,38
2006,150000,34600,1,0,0,3,13
2016,520000,25000,1,0,0,1,159
2013,430000,80000,0,0,0,1,151
2009,300000,55000,0,0,0,2,74
2020,1000000,5000,0,0,0,1,64
2017,725000,30000,0,0,0,1,52
2011,500000,31000,0,0,0,1,65
2011,250000,50000,1,0,0,1,109
2018,700000,38217,0,0,0,1,107
2011,185000,50000,1,0,0,3,38
2011,200000,120000,0,0,0,1,103
2004,315000,110000,0,0,0,3,74
2019,1700000,10000,0,0,0,1,143
2016,370000,60000,1,0,0,1,76
2016,280000,52608,1,0,0,1,128
2011,250000,50000,1,0,0,1,67
2019,500000,15000,1,0,0,1,101
2008,400000,35000,1,0,0,2,161
2014,200000,100000,0,0,0,1,147
2016,284000,52608,0,0,0,2,107
2007,80000,60000,1,0,0,3,109
2014,170000,77000,1,0,0,1,14
2011,150000,60000,1,0,0,1,53
2010,110000,77073,1,0,0,2,147
2016,400000,70000,0,0,0,1,38
2013,275000,90000,3,0,0,2,67
2013,800000,186000,0,0,0,3,164
2014,550000,90000,0,0,0,1,81
2007,125000,100000,1,0,0,2,91
2010,135000,87353,1,0,0,2,14
2012,349000,150000,0,0,0,1,81
2014,458000,80000,0,0,0,1,107
2018,300000,35000,1,0,0,1,91
2008,95000,70000,1,0,0,1,91
2018,850000,50000,0,0,0,1,104
2019,750000,25000,0,0,0,1,39
2013,190000,120000,0,0,0,1,38
2009,150000,70000,1,0,0,1,109
2009,114999,106000,1,0,0,3,53
2010,320000,120000,1,0,0,3,164
2019,300000,120000,2,0,0,1,91
2016,275000,160000,1,0,0,1,103
2010,140000,120000,1,0,0,2,13
2020,830000,10000,1,0,0,1,140
2013,380000,50000,1,0,0,1,170
2010,150000,90000,1,0,0,2,67
2008,50000,70000,1,0,0,1,20
2008,155000,100000,0,0,0,1,74
2010,300000,80000,1,0,0,1,138
2018,300000,16584,1,1,0,1,91
2016,385000,38000,0,1,0,1,154
2010,221000,51000,1,1,0,1,109
2016,381000,38000,0,1,0,1,154
2015,250999,35000,1,1,0,1,91
2002,60000,84118,1,0,0,3,61
2016,380000,38000,0,1,0,1,154
2008,180000,144000,0,0,0,3,135
2017,751000,64000,0,1,0,1,94
2015,1250000,60000,0,1,1,1,87
2014,229999,65000,1,1,0,1,55
2019,1250000,24000,0,0,0,1,151
2014,782000,58000,0,1,0,2,81
2014,780000,58000,0,1,0,2,81
2016,245000,68000,1,1,0,1,91
2011,321000,81257,0,1,0,1,68
2017,509999,44000,0,1,0,1,59
2015,110000,45000,1,1,0,1,148
2013,400000,75000,0,1,0,1,170
2013,370000,90000,1,0,0,1,107
2007,175000,80000,0,0,0,2,65
1998,1000000,35000,1,0,1,2,112
2013,92800,25000,1,0,0,2,91
2014,291000,90000,0,0,0,1,158
2013,335000,110000,0,0,0,3,65
2013,170000,35000,1,0,0,1,102
2019,295000,10000,1,0,0,1,91
2019,375000,10000,1,0,0,1,128
2012,215000,70000,1,0,0,2,55
2009,150000,83464,0,0,0,2,37
2003,60000,5000,1,0,0,2,91
2009,80000,90000,3,0,0,2,102
2012,280000,110000,0,0,0,4,149
2016,450000,50000,0,0,0,2,162
2018,1150000,58000,0,0,0,1,87
2018,650000,27542,0,0,0,1,92
2015,300000,60000,1,0,0,2,159
2015,73000,57000,1,0,0,1,148
2015,400000,87000,0,0,0,3,107
2017,300000,70000,1,0,0,1,128
2012,300000,30000,1,0,1,2,109
2012,450000,80000,0,0,0,1,107
2009,200000,100000,1,0,0,2,61
2019,580000,40000,1,0,0,1,107
2017,550000,3917,1,0,0,1,59
2007,190000,160000,0,0,0,2,81
2017,450000,35000,0,0,0,1,154
2014,220000,70000,1,0,0,1,20
2012,310000,69069,1,1,0,1,106
2019,650000,13500,1,0,0,1,57
2014,300000,59059,1,1,0,1,109
2013,200000,70000,1,0,0,1,53
2012,285000,39039,1,1,0,1,46
2014,335000,33033,1,1,0,1,46
2011,370000,55168,1,0,0,2,65
2013,375000,41041,1,1,0,1,68
2009,235000,67067,1,1,0,1,67
2013,345000,66066,1,1,1,1,67
2013,365000,82082,0,1,0,1,79
2014,400000,48000,1,0,0,1,59
2015,250000,30000,1,0,0,1,55
2012,465000,70070,0,1,1,1,65
2017,300000,10000,1,0,0,1,128
2018,655000,27542,1,0,0,1,107
2016,350000,30000,2,0,0,2,109
2015,500000,50000,1,1,1,1,67
2015,465000,63063,1,1,1,1,59
2008,263000,70000,0,0,0,1,107
2012,250000,90000,1,0,0,1,102
1999,60000,90000,1,0,0,4,53
2005,70000,90000,1,0,0,3,58
2017,650000,140000,0,0,0,1,52
2014,370000,80000,0,0,0,2,68
2016,509999,40000,0,0,0,1,107
2011,280000,33000,1,0,0,1,110
2010,180000,40000,1,0,0,1,90
2015,240000,50000,1,0,0,1,91
2017,650000,6000,1,0,0,1,35
2010,200000,78000,0,1,0,2,65
2011,210000,72000,0,1,0,3,65
2011,75000,9528,1,1,0,1,148
2011,450000,135200,0,1,0,1,164
2011,220000,58000,1,1,0,2,68
2013,325000,78000,0,1,0,2,68
2018,450000,45000,1,0,0,1,159
2017,825000,35000,0,0,0,1,34
2007,125000,76000,1,1,0,3,53
2015,434999,100000,0,0,0,3,88
2011,484999,99000,0,0,0,2,81
2009,175000,83464,0,0,0,3,103
2006,220000,120000,1,0,0,3,49
2020,1250000,1100,0,1,0,1,44
2017,215000,34000,1,1,0,1,102
2014,625000,68000,0,1,0,1,87
2018,615000,15000,0,0,0,1,34
2012,130000,58000,0,1,0,1,14
2013,175000,50300,0,0,0,1,146
2011,150000,70000,0,0,0,2,146
2011,195000,60000,0,0,0,3,145
2020,550000,90000,0,0,0,1,96
2018,1500000,40000,0,0,0,1,69
2010,400000,80000,1,0,0,2,138
2019,1350000,15000,0,0,0,1,118
2015,217000,45000,1,0,0,1,107
2011,290000,130000,0,0,0,2,107
2018,700000,80000,0,0,0,1,74
2014,175000,40000,1,0,0,1,91
2017,575000,80000,0,0,0,1,167
2016,380000,100000,0,0,0,2,103
2013,350000,151624,0,0,0,2,88
2012,450000,160000,0,0,0,1,126
2005,130000,110000,2,0,0,2,61
2015,320000,74820,0,0,0,1,107
2014,550000,82000,0,0,0,1,87
2015,370000,50000,1,0,0,2,109
2010,114999,70000,1,0,0,2,14
2020,1100000,1000,1,0,0,1,35
2006,170000,170000,0,0,0,1,63
2008,80000,150000,0,0,0,3,146
2019,950000,17000,0,0,0,1,34
2014,425000,150000,0,0,0,1,107
2015,500000,80000,0,0,0,1,68
2005,70000,170000,1,0,0,3,61
2013,349000,120000,0,0,0,1,43
2012,330000,90000,1,0,0,3,68
2010,120000,90000,1,0,0,3,61
2013,430000,100000,0,0,0,2,65
2014,390000,90000,0,0,0,1,107
2012,225000,129000,0,0,0,1,119
2010,350000,186000,0,0,1,2,81
2009,100000,66778,0,0,0,1,153
2014,190000,50000,1,0,0,1,55
2014,315000,70935,0,0,0,2,68
2015,300000,60000,0,0,0,2,59
2016,280000,40000,1,0,0,1,128
2018,539000,27542,1,0,0,1,154
2017,420000,50000,1,0,0,1,93
2001,85000,70000,1,0,0,3,102
2004,142000,73000,1,0,0,4,124
2014,180000,76000,1,0,0,2,55
2014,400000,120000,0,0,0,2,21
2009,360000,170000,0,0,1,3,81
2003,85000,110000,1,0,0,2,61
2016,350000,63400,1,0,0,1,46
2015,380000,25000,1,0,0,1,23
2009,140000,80000,1,0,0,3,67
2012,200000,90000,1,0,0,1,109
2011,150000,157000,1,0,0,1,61
2007,300000,100000,0,0,0,2,74
2017,280000,50000,1,0,0,1,128
2011,200000,83658,1,0,0,1,91
2009,110000,38500,1,0,0,2,13
2008,140000,103921,1,0,0,2,67
2018,1150000,14825,1,1,0,1,48
2016,910000,43377,0,1,0,1,44
2010,160000,102307,0,1,0,1,38
2004,105000,79000,1,0,0,2,110
2014,1200000,135000,0,0,1,3,136
2004,70000,90000,1,0,0,4,109
2012,160000,110000,0,0,0,1,14
2013,225000,80000,0,0,0,1,19
2002,145000,100000,1,0,0,1,48
2018,930000,20000,0,0,0,1,34
2008,110000,86124,0,0,0,3,58
2017,650000,40000,0,0,0,1,130
2019,550000,51000,1,0,0,1,107
2008,85000,120000,1,0,0,2,91
2016,509999,35000,1,0,0,1,162
2011,225000,110000,1,0,0,2,106
2017,650000,70000,0,0,0,1,92
2011,140000,60000,1,0,0,2,20
2011,150000,70000,1,0,0,1,91
2018,450000,10000,1,0,0,2,23
2006,170000,90887,0,0,0,4,53
2017,400000,60000,1,0,0,1,128
2016,300000,30000,1,0,0,1,154
2012,250000,8000,1,0,0,1,91
2019,500000,10000,1,0,0,1,155
2002,85000,100000,0,0,0,3,53
2012,300000,110000,0,0,0,1,120
2015,740000,45000,0,1,1,1,87
2005,70000,68500,1,1,0,1,61
2019,484999,5007,1,1,1,1,61
2013,164000,30000,1,0,0,1,119
2008,140000,70000,1,0,1,1,48
2011,999000,49600,0,1,1,1,112
2005,56000,23000,1,0,0,2,91
2006,1050000,90887,0,1,1,1,11
2010,190000,38000,1,1,0,1,65
2011,235000,43100,1,1,0,1,67
2017,350000,10171,1,1,0,1,23
2015,465000,41123,0,1,0,1,126
2017,1900000,20118,1,1,1,1,160
2014,450000,40000,0,1,0,1,48
2015,790000,52517,0,1,0,1,169
2019,900000,20000,0,0,0,1,77
2014,450000,99117,0,1,0,1,35
2009,135000,90000,1,0,0,1,20
2019,425000,3700,1,0,0,1,93
2010,100000,80000,0,0,0,1,145
2015,650000,100000,0,0,0,2,34
2011,90000,54000,0,0,0,1,145
2017,250000,19000,1,0,0,1,55
2014,300000,120000,0,0,0,1,107
2014,275000,30000,1,0,0,1,109
2017,600000,43500,1,0,0,1,45
2016,270000,60000,1,0,0,2,128
2016,240000,70000,1,0,0,2,128
2017,540000,20000,1,0,0,2,59
2013,92800,72215,1,0,0,2,91
2013,92800,25000,1,0,0,1,91
2017,350000,20000,1,0,0,1,128
1998,65000,60000,1,1,0,3,102
2015,650000,58000,0,0,0,1,107
2014,350000,40000,1,1,0,1,109
2005,75000,70000,1,0,0,2,109
2012,440000,70000,0,1,0,1,68
2013,270000,60000,1,0,0,1,61
2014,1150000,135000,0,1,0,1,164
2015,238000,70000,1,1,0,1,102
2013,1100000,40000,1,0,1,2,111
2015,1200000,75000,0,1,0,2,87
2010,260000,150000,0,0,0,1,134
2012,350000,140000,0,0,0,3,162
2015,480000,70000,0,0,0,1,162
2012,345000,137250,0,0,0,2,162
2013,500000,110000,0,0,0,2,81
2017,595000,27000,1,1,0,1,59
2019,1295000,9000,0,1,0,1,65
2019,1350000,5400,0,1,0,0,171
2020,541000,1000,1,1,0,0,128
2018,515000,16000,1,1,0,1,61
2019,894999,13000,0,1,0,0,38
2012,325000,47000,0,1,0,1,131
2018,925000,22000,1,0,0,1,94
2017,844999,30000,0,0,0,1,121
2018,925000,20000,1,0,0,1,94
2013,300000,60000,0,0,0,1,147
2008,650000,75000,1,0,0,2,160
2010,175000,64000,1,1,0,1,91
2015,325000,61703,0,0,0,1,106
2017,600000,90000,0,0,0,1,126
2018,700000,30000,1,0,0,1,107
2003,95000,120000,1,0,1,2,161
2019,490000,20000,1,1,0,1,93
2013,380000,100000,0,0,0,1,151
2018,550000,31000,1,1,0,1,59
2013,225000,47000,1,1,0,1,91
2018,570000,11200,1,0,0,1,150
2018,305000,35000,1,1,0,1,91
2010,240000,87353,3,1,0,1,109
2015,700000,55000,0,1,0,1,96
2018,288000,20000,1,1,0,1,102
2017,800000,75000,0,1,0,1,74
2017,430000,93000,1,1,0,1,93
2009,195000,57000,0,1,0,2,14
2014,325000,30000,1,1,0,1,95
2013,450000,72215,0,1,0,1,126
2016,630000,65000,0,1,0,1,107
2009,250000,62000,0,1,0,2,107
2007,135000,85000,1,1,0,1,61
2010,110000,73000,1,0,0,1,20
2012,350000,55000,0,1,0,1,107
2012,240000,5800,1,0,0,2,102
2009,350000,83464,0,0,0,1,164
2014,600000,30000,1,0,0,1,107
2018,750000,20000,0,0,0,1,107
2018,270000,20000,1,0,0,1,55
2007,90000,100000,1,0,0,2,91
2013,350000,65000,1,0,0,1,109
2013,285000,90000,0,0,0,2,38
2011,665000,83658,0,0,0,2,164
2005,175000,75125,0,0,0,2,81
2011,350000,140000,0,0,0,2,88
2018,1225000,22000,1,1,1,1,48
2010,285000,60000,1,1,0,2,50
2018,1000000,28635,1,1,0,1,48
2018,780000,32114,0,1,0,1,43
2014,300000,82000,1,1,0,2,93
2006,160000,95149,1,1,0,2,107
2018,625000,68458,1,1,0,1,43
2010,265000,42000,1,0,0,1,103
2014,515000,90000,0,0,0,2,48
2012,409999,56000,0,0,0,1,162
2018,100000,21302,1,0,0,1,55
2016,650000,100000,0,0,0,1,68
2017,650000,80000,0,0,0,1,83
2010,150000,105546,1,0,0,1,58
2018,500000,10000,1,0,0,1,162
2012,1000000,80000,0,0,0,2,164
2013,340000,35000,1,0,0,1,68
2013,1010000,120000,0,0,0,1,164
2011,350000,120000,0,0,0,3,162
2016,595000,70000,0,0,0,1,107
2014,700000,70935,0,0,0,3,81
2019,265000,40000,1,0,0,1,128
2015,320000,60000,1,0,0,2,91
2011,310000,110000,1,0,0,1,48
2014,700000,130000,0,0,0,1,48
2009,130000,80000,1,0,0,2,91
2009,150000,120000,0,0,0,2,107
2015,300000,104000,0,0,0,2,43
2011,150000,100000,1,0,0,2,107
2003,120000,132343,1,0,0,2,48
2016,950000,90000,0,0,0,2,54
2007,100000,60000,1,0,0,2,109
2015,450000,76000,0,0,0,1,50
2004,30000,60000,1,0,0,3,89
2009,200000,30000,1,0,0,2,80
2010,250000,96000,0,0,0,2,146
2015,280000,26134,1,1,0,1,91
2011,260000,52895,0,1,0,1,103
2013,550000,42324,0,1,0,2,65
2016,1044999,65000,0,1,0,1,87
2012,550000,60236,0,1,0,1,81
2014,210000,70935,1,0,0,2,109
2014,210000,70000,1,0,0,3,109
2009,290000,100000,0,0,0,2,88
2008,250999,110000,0,0,0,1,26
2019,600000,10300,1,0,0,1,133
2014,270000,70935,0,0,0,2,28
2012,550000,142000,0,0,0,1,149
2017,800000,25000,0,0,0,1,83
2020,500000,11376,1,0,0,1,140
2016,396000,28643,1,1,0,1,59
2014,600000,50000,0,0,0,1,48
2019,575000,30000,1,1,0,1,109
2020,520000,5000,1,0,0,1,61
2018,1400000,30000,0,0,1,1,87
2018,600000,7600,1,0,1,1,92
2013,195000,47253,0,1,0,1,14
2015,281000,4432,1,1,1,2,91
2010,75000,110000,1,0,0,2,145
2014,400000,25000,1,0,0,1,59
2009,93000,70000,0,0,0,2,145
2016,560000,68523,1,1,0,1,68
2019,400000,5000,1,0,0,1,55
2018,459999,40000,1,0,0,1,155
2017,450000,43000,0,0,0,1,66
2010,88000,87353,2,1,0,2,91
2010,250000,34500,1,0,0,2,68
2000,22000,42743,1,1,0,3,41
2013,130000,93900,0,0,0,2,14
2004,79000,80000,1,0,0,1,110
2012,120000,110000,0,0,0,1,14
2011,1700000,100000,0,0,1,2,11
2012,300000,25000,0,0,0,1,18
2009,145000,25000,1,0,0,1,90
2013,240000,10000,1,0,0,1,20
2018,700000,27542,0,0,0,1,52
2010,145000,110000,1,0,0,2,53
2014,535000,80000,0,0,0,2,96
2016,420000,21000,1,0,0,1,76
2016,350000,20000,1,0,0,1,91
2015,550000,32000,0,0,0,1,107
2007,750000,180000,0,0,0,1,114
2012,198000,70000,0,0,0,2,145
2013,420000,50000,0,0,0,1,68
2004,195000,120000,0,0,0,1,36
2012,150000,55766,1,0,0,2,55
2011,275000,40000,1,0,0,2,119
2001,65000,60000,1,0,0,3,89
2008,200000,50000,1,0,0,1,107
2010,250000,110000,0,0,0,2,107
2013,182000,100000,0,0,0,1,146
2016,320000,24662,1,0,0,1,55
2014,650000,28245,0,0,0,1,117
2001,85000,86000,1,0,0,2,110
2013,400000,50000,0,0,0,1,107
2017,650000,20000,0,0,0,1,92
2010,400000,50000,1,0,0,1,67
2012,295000,80000,0,0,0,2,147
2006,60000,135000,3,0,0,4,102
2003,110000,79929,0,0,0,3,110
2015,550000,113600,0,0,0,1,29
2008,190000,70000,1,0,0,3,61
2018,861999,20000,0,1,0,1,32
2018,782000,14000,1,1,0,1,32
2018,836000,26000,0,1,0,1,39
2016,696000,138925,1,1,0,1,48
2015,596000,121764,0,1,0,1,50
2016,612000,105429,1,1,0,1,50
2015,114999,35000,1,0,0,1,91
2017,340000,60000,0,0,0,1,142
2020,550000,5000,1,0,0,1,107
2008,114999,70000,1,0,0,3,13
2000,105000,80000,1,0,0,1,109
2019,890000,20000,0,0,0,1,108
2019,715000,8000,1,0,0,1,150
2014,525000,54000,1,1,0,1,68
2012,735000,55300,0,0,1,1,169
2014,475000,23122,1,1,0,2,68
2013,325000,62200,0,1,0,1,74
2012,349000,44500,0,1,0,2,16
2017,825000,13599,1,1,1,1,170
2014,550000,100000,0,0,0,2,81
2006,95000,110000,1,0,0,3,107
2014,725000,90000,0,0,0,2,164
2019,670000,17000,1,0,0,1,155
2008,65000,140000,1,0,0,1,91
2015,500000,50000,0,0,0,2,88
2017,600000,53000,1,0,0,1,76
2017,350000,70000,1,0,0,2,109
2012,200000,70000,0,0,0,2,14
2008,110000,154000,0,0,0,3,58
2012,150000,80000,1,0,0,1,55
2003,75000,110000,0,0,0,2,110
2013,350000,90000,0,0,0,2,43
2018,1700000,15000,0,0,0,1,164
2011,890000,86000,0,0,1,2,12
2014,500000,120000,0,0,0,1,81
2019,600000,5200,1,0,0,1,57
2010,99000,60000,1,0,0,2,14
2011,235000,46000,1,0,0,1,67
2006,75000,40000,1,0,0,2,146
2014,600000,90000,0,0,0,2,48
2019,1000000,20972,0,0,0,2,65
2012,390000,90000,0,0,0,1,65
2015,600000,70000,0,0,0,1,170
2017,600000,70000,1,0,0,2,68
2019,730000,35000,0,0,0,2,57
2017,450000,12700,1,0,1,1,59
2011,250000,80000,0,0,0,1,103
2018,1400000,20000,0,0,0,1,87
2018,300000,20000,1,0,0,1,128
2017,800000,19000,1,0,0,1,34
2009,125000,95000,0,0,0,2,28
2012,295000,90000,0,0,0,1,170
2013,650000,45839,1,1,0,1,35
2010,200000,87353,1,1,0,1,13
2009,130000,87293,1,1,0,1,13
2012,250000,156040,0,1,0,1,38
2004,400000,93415,0,1,0,1,36
2017,430000,101159,1,1,0,1,32
2015,170000,80000,1,0,0,2,55
2019,450000,12000,1,0,0,1,154
2013,350000,90000,1,0,0,1,107
2011,130000,68519,1,1,0,1,20
2012,180000,55130,0,1,0,1,14
2014,475000,65239,1,1,0,1,35
2015,470000,58182,1,1,0,1,170
2012,200000,91245,0,1,0,1,37
2013,650000,102989,0,1,0,1,87
2010,400000,50000,1,0,0,1,48
2000,100000,120000,1,0,0,1,110
2014,409999,90000,0,0,0,1,107
2018,640000,25000,0,0,0,1,107
2007,160000,80000,1,0,0,2,109
2018,750000,70000,0,0,0,1,92
2002,150000,50000,0,0,0,3,75
2008,80000,100000,1,0,0,2,91
2016,240000,90000,0,0,0,3,93
2005,60000,60000,1,0,0,3,97
2007,70000,120000,1,0,0,3,91
2008,285000,90000,0,0,1,2,169
2015,350000,60000,0,0,0,2,107
2015,699000,30000,0,0,0,2,68
2011,275000,108000,0,0,0,2,38
2012,350000,160000,0,0,0,2,68
2006,135000,90000,1,0,0,3,91
2010,325000,120000,0,0,0,3,88
2012,650000,102000,0,0,0,2,87
2009,300000,178000,0,0,0,2,74
2014,1200000,200000,0,0,0,2,164
2012,450000,60000,1,1,0,1,37
2019,425000,3000,1,0,0,1,154
2006,150000,75118,1,0,0,2,91
2013,290000,72215,0,0,0,2,103
2014,335000,60000,1,0,0,2,66
2006,120000,79000,1,1,0,4,18
2005,20000,25000,1,0,0,2,41
2005,250000,75125,1,0,0,1,58
2008,120000,86124,1,0,0,2,61
2012,220000,70000,0,0,0,2,146
2005,61000,4637,1,0,0,2,41
2016,620000,70000,0,0,0,1,107
2014,425000,100000,0,0,0,1,107
2009,85000,120000,0,0,0,2,145
2015,270000,40000,0,0,0,2,107
2009,180000,83464,0,0,0,1,107
2017,450000,30000,1,0,0,1,76
2012,450000,42655,0,0,0,1,149
2017,250000,43000,1,0,0,2,128
2012,725000,70000,0,0,0,1,164
2010,250000,55000,1,0,0,1,68
2010,99000,80000,0,0,0,2,31
2017,350000,55000,1,0,0,1,128
2018,511000,70000,1,0,0,1,66
2012,300000,80000,0,0,0,1,103
2010,1100000,110000,1,0,1,1,7
2010,125000,60000,1,0,0,3,67
2018,500000,30000,1,0,0,1,154
2013,385000,80000,0,0,0,2,126
2012,350000,80408,1,0,0,1,137
2003,60000,50000,1,0,0,1,89
2012,300000,50000,1,0,0,1,61
2012,400000,70000,0,0,0,1,68
2014,550000,110000,0,0,0,1,35
2012,300000,80000,1,0,0,2,120
2012,250000,156000,0,0,0,1,107
2012,800000,180000,0,0,0,1,164
2018,300000,25000,1,0,0,1,95
2004,80000,120000,1,0,0,1,91
2020,1200000,11000,0,0,0,1,81
2017,355000,40000,1,0,1,1,128
2015,520000,50000,0,0,0,1,107
2012,500000,26000,0,0,0,1,65
2008,114999,30000,1,0,0,1,91
2014,1800000,70935,0,0,0,1,163
2018,800000,20000,0,0,0,1,83
2008,105000,30000,1,0,0,2,91
2011,135000,78000,1,0,0,1,91
2011,170000,40000,1,0,0,2,109
2014,550000,100000,1,0,0,1,65
2009,250000,70000,1,0,0,3,48
2014,650000,30000,0,0,0,2,56
2008,210000,77000,1,0,1,3,48
2011,260000,150000,0,0,0,1,171
2016,750000,69000,0,0,0,1,107
2016,1350000,120000,0,0,1,1,164
2012,220000,120000,0,0,0,2,103
2008,110000,110000,1,0,0,2,58
2017,1230000,70000,0,0,1,1,87
2013,220000,110000,0,0,0,1,79
2009,130000,50000,0,0,0,1,146
2012,330000,44000,1,0,0,1,68
2010,254999,90000,1,0,0,2,48
2014,600000,50000,1,0,0,2,65
2012,210000,50000,1,0,0,1,67
2014,300000,146000,0,0,0,1,17
2018,426000,15000,1,0,1,1,154
2015,265000,60000,1,0,0,1,91
2016,450000,35000,1,0,0,2,66
2012,480000,80000,0,0,0,1,65
2010,40000,90000,1,0,0,1,148
2011,395000,70000,1,0,0,2,48
2013,229999,62000,1,0,0,2,109
2018,875000,10000,1,0,1,1,35
2010,170000,80000,2,0,0,4,95
2015,500000,35000,1,0,0,2,68
2017,600000,40318,0,2,0,1,107
2019,450000,40000,1,0,0,1,101
2012,550000,120000,0,0,0,3,96
2013,200000,60000,1,0,0,1,147
2008,80000,90000,1,0,0,2,145
2010,300000,87353,0,0,0,2,149
2019,675000,15000,0,0,0,1,32
2017,260000,30000,1,0,0,1,95
2001,70000,117000,1,0,0,2,109
2004,100000,70000,1,0,0,1,91
2012,730000,110000,0,0,0,2,164
2016,525000,100000,0,0,0,2,121
2016,525000,105000,0,0,0,2,121
2009,550000,182000,0,0,0,3,164
2012,420000,95000,0,0,0,2,161
2015,500000,70000,1,0,0,1,43
2009,165000,76000,1,0,0,2,109
2014,650000,70000,0,0,0,2,65
2013,195000,46000,0,0,0,1,14
1999,75000,70000,1,0,0,1,110
2005,100000,75125,0,0,0,2,53
2006,90000,90000,1,0,0,1,97
2016,515000,50000,0,0,0,1,66
2017,700000,24585,0,1,0,0,50
2001,62000,70000,1,0,0,1,110
2011,220000,110000,0,0,0,3,162
2019,520000,10000,2,0,0,1,61
2010,170000,100000,1,0,0,1,29
2011,190000,110000,0,0,0,2,38
2011,150000,100000,0,0,0,2,38
2009,125000,65000,1,0,0,1,110
2015,290000,40000,0,0,0,3,43
2019,490000,13900,1,0,0,1,93
2017,434999,17563,1,0,0,1,155
2016,380000,15000,1,0,0,1,159
2012,200000,80408,0,0,0,2,170
2016,495000,40000,0,0,0,1,38
2014,894999,173000,0,0,0,3,164
2015,600000,151000,0,0,0,2,87
2015,300000,61703,1,0,0,1,46
2017,430000,15000,1,0,0,1,43
2017,370000,40318,0,0,0,1,43
2019,750000,11000,1,0,0,1,92
2016,300000,50000,2,0,0,1,91
2012,700000,120000,0,0,1,2,12
2007,100000,70000,3,0,0,3,109
2015,300000,90000,1,0,0,1,59
2012,130000,185000,0,0,0,2,145
2016,650000,40000,0,0,0,1,68
2017,509999,25000,0,0,0,1,107
2013,1000000,117780,0,0,0,2,164
2010,280000,120000,0,0,0,2,65
2017,600000,120000,0,0,0,1,107
2013,210000,120000,0,0,0,3,137
2014,1150000,110000,0,0,1,2,6
2018,245000,30000,1,0,0,1,55
2016,375000,25000,1,0,0,1,59
2015,150000,55000,0,0,0,2,81
2018,1450000,20000,0,0,0,1,87
2014,500000,100000,0,0,0,2,96
2007,75000,40000,1,0,0,2,91
2006,225000,80000,1,0,1,3,62
2006,275000,80000,1,0,1,4,62
2018,620000,35000,0,0,0,1,74
2010,600000,110000,0,0,0,2,122
2011,275000,160000,0,0,0,1,88
2013,125000,125000,0,0,0,1,146
2011,80000,62000,1,0,0,2,146
2011,199000,120000,0,0,0,2,119
2016,440000,33000,1,0,0,2,119
2013,250000,80000,0,0,0,4,107
2017,700000,35000,0,0,0,1,68
2015,450000,50000,0,0,0,1,59
2019,240000,5000,1,0,0,1,91
2016,650000,81595,0,1,0,1,34
2005,71000,22000,1,0,0,1,58
2015,400000,40000,1,0,0,1,107
2008,130000,40000,1,0,0,2,91
2013,300000,72215,0,0,0,2,81
2019,1100000,4000,0,0,0,1,118
2015,2200000,24000,0,0,1,1,9
2018,800000,13500,1,1,0,1,43
2013,490000,40000,0,0,0,1,103
2018,836000,9700,1,1,0,1,50
2012,375000,62000,1,0,0,2,170
2016,1249000,24000,0,1,0,1,44
2019,1240000,13000,0,1,0,1,52
2009,35000,50000,1,0,0,3,148
2017,1068000,36000,1,1,0,1,44
2017,1189000,40000,0,1,0,1,44
2018,700000,27000,1,0,0,1,57
2016,350000,40000,1,0,0,1,91
2009,254999,80000,1,0,0,2,67
2005,229999,75125,0,0,0,3,81
2016,750000,80000,0,0,0,1,68
2012,325000,119000,0,0,0,2,103
2009,760000,190000,0,0,0,2,164
2017,509999,25000,1,0,1,1,93
2013,363000,28740,1,0,0,1,119
2010,229999,48500,1,0,0,1,91
2012,290000,110000,1,0,0,2,120
2018,550000,30000,1,0,0,1,107
2011,125000,120000,0,0,0,2,145
2014,2000000,130000,0,0,1,1,173
2008,350000,140000,0,0,0,2,164
2011,390000,90000,0,0,0,1,65
2015,280000,15000,1,0,0,2,91
2015,220000,45000,1,0,0,1,93
2005,140000,80000,1,0,0,3,61
2018,370000,15000,1,0,1,1,109
2019,650000,20000,0,0,0,1,107
2017,280000,37000,1,0,0,1,91
2016,540000,80000,0,0,0,1,107
2002,50000,120000,0,0,0,4,1
2018,800000,20000,1,0,0,1,94
2016,515000,25000,0,0,0,1,38
2010,220000,96000,1,0,0,3,68
2014,525000,54000,1,1,0,2,68
2013,165000,53000,1,1,0,1,20
2010,221000,65000,0,1,0,2,29
2015,245000,43000,1,1,0,1,14
2012,260000,80408,1,1,0,1,38
2011,550000,73000,0,1,1,1,138
2015,434999,29000,1,1,0,1,59
2013,450000,95000,0,1,0,1,151
2014,290000,25000,1,0,0,1,19
2011,305000,53000,1,1,0,2,171
2011,265000,20000,1,1,0,1,33
2014,325000,57000,1,1,0,1,46
2014,550000,52000,0,1,0,1,16
2008,105000,40000,1,0,0,2,110
2012,275000,47000,1,1,0,1,46
2012,434999,47000,1,1,0,2,48
2016,690000,73000,0,1,0,1,65
2012,249000,42000,1,1,0,2,46
2012,204999,60000,1,1,0,3,55
2015,190000,120000,1,0,0,1,109
2012,150000,50000,1,0,0,1,91
1999,70000,70000,1,0,0,4,110
2018,900000,25000,0,0,0,1,74
2019,950000,11000,1,0,1,1,96
2013,475000,80000,1,0,0,1,107
1998,55000,80000,1,0,0,4,89
2013,450000,75000,0,0,0,2,37
2009,1200000,45000,0,0,1,3,10
2013,300000,100000,0,0,0,2,74
2014,350000,60000,0,0,0,2,48
2011,229999,160000,0,0,0,2,145
2015,821000,50000,1,0,0,1,54
2014,200000,80000,1,0,0,2,91
2017,1000000,60000,0,0,0,2,81
2016,220000,60000,1,0,0,2,91
2015,459999,148620,0,1,0,1,38
2012,310000,70000,0,0,0,2,106
2018,815000,42000,0,0,0,1,57
2017,1200000,40000,0,0,0,1,65
2011,170000,83658,0,0,0,2,18
2017,1000000,30000,0,0,0,1,104
2010,155000,90000,1,0,0,4,61
2017,400000,120000,0,0,0,1,83
2016,400000,80000,0,0,0,2,79
2010,250000,80000,0,0,0,2,145
2008,150000,50000,1,0,0,3,146
2002,80000,70000,1,0,0,2,61
2014,325000,70000,0,0,1,1,171
2010,290000,87620,0,1,1,1,169
2015,490000,61703,1,1,0,1,59
2019,738000,8000,1,0,1,1,57
2016,300000,30000,1,0,0,1,91
2012,150000,110000,0,0,0,1,145
2007,440000,86297,0,0,0,4,164
2011,280000,110000,0,0,0,1,171
2006,100000,120000,1,0,0,2,61
2008,150000,100000,1,0,0,2,107
2014,380000,100000,0,0,0,2,107
2006,90000,60000,1,0,0,2,91
2008,300000,86124,0,0,0,3,81
2011,275000,60000,0,0,0,2,134
2009,180000,41090,1,0,0,1,110
2012,225000,80408,0,0,0,1,107
2014,200000,40000,1,0,0,1,91
2011,500000,40000,1,0,0,2,161
2010,300000,70000,1,0,0,2,37
2015,765000,80000,0,0,0,2,65
2017,650000,90000,0,0,0,1,107
2017,380000,19000,1,0,0,1,109
2014,480000,110000,0,0,0,2,107
1996,200000,60000,0,0,0,1,75
2010,145000,68000,2,0,0,2,110
2011,280000,120000,0,0,0,2,103
2014,254999,30000,0,0,0,1,107
2016,300000,90000,1,0,0,2,142
2015,480000,140000,0,0,0,3,107
2015,850000,44500,1,0,1,1,137
2014,350000,52000,0,0,0,2,68
2016,650000,26000,1,0,0,1,68
2007,550000,80000,1,0,0,2,149
2015,300000,35000,1,0,0,1,93
2008,150000,60000,1,0,0,2,107
2014,300000,70935,1,0,0,1,59
2004,80000,58000,1,0,0,1,61
2011,180000,80000,0,0,0,3,147
2009,110000,100000,0,0,0,4,37
2015,425000,12000,1,0,0,1,59
2016,700000,35000,0,0,0,1,43
2010,130000,50000,1,0,0,2,110
2017,650000,67000,0,0,0,1,107
2013,400000,100000,1,0,0,2,126
2017,800000,60000,0,0,0,1,83
2017,675000,70000,0,0,0,1,74
2017,210000,50000,1,0,0,4,102
2009,150000,120000,0,0,0,3,149
2007,45000,100000,2,0,0,4,102
2015,516000,90000,1,0,0,1,68
2014,450000,80000,1,0,0,1,68
2012,134000,90000,1,0,0,2,20
2014,509999,157000,0,0,0,2,162
2016,500000,20000,1,0,0,1,170
2008,130000,80000,1,0,0,4,110
2015,575000,60000,0,0,0,1,107
2015,550000,49000,1,0,0,1,57
2009,145000,89255,0,0,0,1,145
2020,347000,5000,1,0,0,1,91
2013,275000,110000,0,0,0,1,145
2010,630000,200000,0,0,0,3,164
2012,160000,90000,0,0,0,2,14
2010,150000,63000,0,0,0,3,28
2015,550000,61703,1,0,0,1,51
2013,349000,100000,0,0,0,1,79
2004,229999,168000,0,0,0,4,74
2008,110000,90000,0,0,0,3,145
2008,110000,86124,1,0,0,3,109
2018,245000,5550,1,0,0,2,128
2014,180000,100000,1,0,0,2,91
2014,290000,80000,1,0,0,2,109
2010,250000,40000,1,0,0,1,68
2010,150000,100000,0,0,0,1,146
2004,55000,35000,1,0,0,3,89
2006,500000,75000,0,0,0,2,135
2013,290000,150000,0,0,0,4,79
2009,72000,70000,1,0,0,1,91
2014,250000,115000,0,0,0,1,103
2019,575000,25000,1,0,1,1,107
2019,1300000,10000,0,0,1,1,72
2019,425000,15000,1,0,0,1,61
2019,470000,10000,2,0,0,1,95
2012,220000,80000,1,0,0,3,162
2020,310000,1700,1,0,0,1,91
2016,400000,45217,0,1,0,1,38
2018,310000,20000,1,0,0,1,55
2017,750000,50000,0,0,0,1,94
2009,204999,120000,0,0,0,2,149
2010,260000,50000,1,0,0,1,107
2012,180000,40000,1,0,0,2,91
2007,125000,110000,0,0,0,2,80
2014,420000,155000,0,0,0,1,107
2011,220000,70000,1,0,0,2,91
2010,200000,70000,1,0,0,3,91
2009,130000,100000,0,0,0,3,41
2016,335000,41000,1,1,0,1,154
2011,434999,97000,1,1,1,2,48
2012,500000,60000,1,0,0,1,48
2017,290000,60000,1,0,0,1,91
2014,475000,48000,1,1,1,2,35
2009,270000,190000,0,0,0,3,107
2019,600000,80000,1,0,0,1,66
2013,300000,70000,0,0,0,2,68
2012,415000,80000,0,0,0,2,169
2018,800000,30000,0,0,1,2,108
2016,420000,44440,1,0,0,2,59
2018,1250000,30000,0,0,0,1,54
2011,270000,120000,0,0,0,1,107
2015,390000,80000,0,0,0,2,59
2012,400000,110000,0,0,0,1,135
2007,100000,170000,1,0,0,1,37
2010,850000,46000,0,0,1,1,4
2012,359000,120000,0,0,1,3,16
2015,470000,91365,0,1,0,1,107
2013,360000,90010,0,1,0,2,107
2013,250999,80000,0,0,0,1,96
2012,45000,35000,1,0,0,2,148
2006,75000,80000,1,0,0,2,109
2013,495000,31800,0,1,0,1,107
2013,310000,59100,2,1,0,1,109
2016,540000,31200,1,1,0,1,50
2016,665000,51000,0,1,0,1,94
2013,425000,22700,0,1,0,2,68
2011,1295000,58000,0,1,1,1,3
2016,675000,50900,0,1,0,1,94
2018,980000,10000,0,0,0,1,108
2014,320000,60000,0,0,0,1,14
2011,250000,80000,1,0,0,2,103
2016,600000,72000,0,0,0,1,92
2016,300000,96000,1,0,0,1,66
2014,305000,66000,0,0,0,1,14
2009,106000,70000,1,0,0,1,109
2006,90000,75000,1,0,0,3,53
2019,539000,2417,1,0,0,1,154
2016,250000,30000,1,0,0,2,55
2018,707000,60000,0,0,0,1,81
2007,95000,120000,1,0,0,4,58
2020,495000,7000,2,0,0,1,95
2012,200000,35000,0,0,0,1,146
2009,110000,110000,1,0,0,4,90
2008,100000,130000,1,0,0,4,91
2016,150000,25000,1,0,0,2,91
2005,50000,80000,1,0,0,3,41
2007,85000,70000,1,0,0,2,13
2018,475000,23000,1,0,0,1,59
2014,425000,40000,1,0,0,1,170
2006,480000,110000,1,0,1,2,10
2019,950000,10000,0,0,0,1,104
2015,535000,80000,0,0,0,1,107
2009,325000,25000,0,0,0,3,65
2013,270000,74000,1,0,0,3,109
2015,300000,60000,1,0,0,3,93
2011,325000,70000,0,0,0,1,171
2010,350000,100000,0,0,0,1,149
2008,229999,146000,0,0,0,3,65
2012,325000,80408,0,0,0,2,107
2005,70000,70000,1,0,0,2,109
2008,190000,120000,0,0,0,3,135
2011,345000,65500,0,0,0,1,16
2016,1025000,70000,0,0,0,1,81
2012,120000,50000,1,0,0,1,91
2009,114999,90000,1,0,0,2,91
2009,300000,120000,1,0,0,2,48
2016,340000,56000,1,1,0,1,93
2005,90000,70000,1,0,0,2,109
2006,150000,140300,1,0,0,1,91
2010,115999,70000,1,0,0,1,91
2015,750000,41988,0,1,0,1,87
2017,611000,40318,0,1,0,1,107
2016,375000,23000,1,1,0,2,109
2007,275000,10211,1,0,0,1,110
2005,120000,120000,0,0,0,3,81
2015,350000,120000,0,0,0,1,93
2017,409999,35000,1,0,0,1,93
2012,500000,130000,0,0,0,1,65
2013,220000,90000,0,0,0,2,120
2008,120000,80000,1,0,0,2,37
2007,70000,55000,1,0,0,2,61
2017,800000,15000,1,0,0,1,107
2014,450000,70935,0,0,0,2,107
2012,525000,145000,0,0,0,1,81
2016,300000,35000,1,0,0,1,23
2008,195000,56000,1,0,0,2,67
2007,130000,98000,0,0,0,2,37
2011,300000,135000,0,0,0,2,162
2002,120000,60000,1,0,0,3,91
2010,450000,120000,0,0,0,3,164
2010,160000,102000,0,0,0,2,146
2018,800000,35000,0,0,0,1,74
2013,100000,80000,1,0,0,1,89
2015,265000,32933,1,1,0,1,91
2008,175000,54551,1,1,0,1,109
2014,250999,57112,1,1,0,1,102
2015,471000,41025,1,1,1,1,66
2019,650000,5000,0,0,0,1,107
2019,650000,20972,0,0,0,1,107
2012,225000,53122,1,1,0,2,55
2013,245000,64111,2,1,0,1,91
2011,221000,78892,1,1,0,1,103
2011,271000,74113,1,1,0,1,68
2012,290000,80000,1,1,0,1,109
2017,525000,39000,1,1,0,1,107
2012,377000,84775,1,1,0,1,171
2012,95000,20778,1,1,0,1,148
2015,763000,64441,0,1,0,1,96
2015,450000,43192,1,1,0,1,43
2014,140000,44416,1,1,0,1,148
2016,701000,52608,0,1,0,1,94
2011,277000,62601,1,1,0,2,119
2018,520000,50000,1,0,1,1,92
2017,550000,100000,0,0,0,1,38
2011,260000,83658,0,0,0,3,171
2015,420000,100000,0,0,0,1,131
2002,35000,100000,1,0,0,3,123
2018,1150000,20000,0,0,0,1,87
2017,680000,46000,1,0,0,1,94
2012,425000,40000,0,0,0,1,107
2014,450000,70000,0,0,0,2,107
2008,590000,89600,0,0,0,3,164
2017,936999,60800,1,0,0,1,169
2015,420000,104000,0,0,0,2,51
2014,450000,80000,0,0,0,2,170
2004,40000,69111,1,0,0,3,89
2014,520000,70000,0,0,0,2,164
2007,80000,120000,1,0,0,1,89
2014,55000,40000,1,0,0,1,148
2001,80000,100000,0,0,0,3,74
2019,210000,20000,1,0,0,1,91
2017,260000,50000,0,0,0,1,154
2016,250000,52608,0,0,0,1,159
2008,80000,90000,0,0,0,1,145
2010,450000,150000,0,0,0,2,164
2005,310000,120000,0,0,0,2,164
2016,840000,70000,0,0,0,1,54
2015,1000000,3600,0,1,0,1,16
2015,530000,14272,1,1,0,1,38
2013,280000,3240,1,0,0,2,55
2015,540000,61703,1,0,0,1,68
2014,350000,90000,1,0,0,2,38
2011,320000,100000,0,0,0,1,106
2016,475000,90000,0,0,0,1,43
2011,220000,140000,0,0,0,2,147
2005,60000,70000,1,0,0,1,89
2008,70000,60000,1,0,0,1,145
2015,281000,40000,0,0,0,1,19
2013,211000,80000,0,0,0,1,146
2018,550000,11000,1,0,0,1,57
2014,350000,110000,0,0,0,1,17
2017,420000,19890,1,1,1,1,109
2015,270000,20969,1,0,0,1,128
2016,399000,20194,1,1,0,1,93
2016,440000,34982,1,1,0,1,38
2012,250000,44588,1,1,0,1,55
2016,650000,57904,0,1,0,1,35
2015,270000,59258,1,1,0,1,91
2016,390000,60826,1,1,0,1,38
2015,1500000,50000,0,0,0,1,87
2014,225000,35000,1,0,0,1,89
2015,900000,110000,0,0,0,2,87
2018,1600000,40000,0,0,1,1,63
2019,800000,10000,1,0,0,1,150
2013,320000,50000,0,0,0,1,43
2016,300000,25000,1,0,0,1,91
2018,740000,25000,1,0,0,1,68
2019,350000,1300,1,0,0,1,24
2014,280000,40000,1,0,0,1,23
2018,675000,50000,0,0,1,1,107
2011,300000,20000,1,0,0,1,67
2011,400000,76000,0,0,0,3,15
2010,420000,100000,0,0,0,3,81
2008,300000,120000,0,0,0,1,149
2010,170000,70000,1,0,0,1,109
2014,210000,70000,1,0,0,3,55
2015,600000,60000,0,0,0,2,96
2014,260000,38000,1,0,0,2,109
2015,82000,19000,1,0,0,1,148
2016,690000,75000,0,0,0,1,83
2015,300000,70000,0,0,0,1,59
2017,1250000,30000,0,0,0,1,45
2017,799000,31707,0,0,0,1,65
2010,1000000,180000,0,0,0,1,163
2014,190000,90000,1,0,0,2,91
2014,250000,30000,0,0,0,1,85
2009,200000,60000,1,0,0,1,65
2005,300000,90000,0,0,0,2,74
2015,250000,120000,1,0,0,2,159
2008,90000,70000,1,0,0,3,89
2016,700000,160000,0,0,0,1,126
2012,1750000,115992,0,1,1,3,173
2017,290000,110000,1,0,0,2,109
2014,1050000,97000,0,0,0,2,164
2008,70000,100000,0,0,0,3,146
2016,520000,41000,0,0,0,1,107
2012,150000,90000,0,0,0,1,146
2008,120000,90000,1,0,0,1,67
2016,600000,25000,1,0,0,1,68
2010,150000,70000,0,0,0,2,158
2011,400000,60000,1,0,0,1,171
2015,310000,30000,1,0,0,2,91
2015,550000,30000,1,0,0,1,92
2016,550000,60000,0,0,0,1,68
2013,320000,73000,0,0,0,1,59
1992,50000,100000,1,0,0,4,89
2018,360000,27542,1,0,0,1,128
2017,700000,50000,0,0,0,2,108
2012,700000,110000,0,0,0,2,96
2017,655000,40318,0,1,0,1,68
2011,200000,110000,3,0,0,1,14
2012,375000,150000,0,0,0,1,126
2012,470000,109052,0,1,0,1,65
2015,550000,90658,0,1,0,1,94
2014,500000,110000,0,0,0,2,43
2015,210000,25000,1,0,0,1,23
2013,1451000,81000,0,1,1,1,112
2009,245000,75000,0,1,1,1,65
2017,700000,25552,1,1,0,2,52
2018,300000,20000,1,0,0,1,55
2017,350000,80000,0,0,0,1,66
2017,635000,25000,1,1,1,1,57
2012,325000,40700,1,0,0,1,48
2017,1150000,65500,0,1,1,1,87
2008,110000,42000,1,1,0,1,146
2018,890000,8000,1,1,0,1,48
2007,73000,80000,1,0,0,2,107
2016,750000,6000,0,1,0,1,94
2018,690000,11174,1,1,0,1,92
2008,130000,120000,1,0,0,1,146
2007,85000,85000,1,0,0,2,61
2018,1575000,10000,0,0,1,1,56
2013,325000,105000,0,0,0,1,120
1998,85000,120000,1,0,0,2,48
2018,860000,30000,0,1,0,2,65
2017,690000,41000,0,0,0,1,104
2013,650000,54000,0,1,0,1,56
2014,375000,40000,0,0,0,1,19
2013,525000,71000,0,1,0,1,65
2016,330000,72500,1,1,0,1,95
2013,280000,76600,1,0,0,1,95
2014,470000,70935,1,0,0,1,107
2011,350000,110000,0,0,0,1,170
2012,480000,63000,1,1,0,1,48
2016,620000,60000,0,0,0,1,65
2014,250000,58000,1,0,0,1,23
2010,78692,80000,1,0,0,2,20
2012,350000,80000,0,0,0,1,68
2013,250000,70000,1,0,0,2,109
2011,260000,97700,1,0,0,4,68
2016,640000,36000,0,0,0,2,51
2008,220000,90000,0,0,0,2,149
2015,465000,130000,0,0,0,1,171
2010,229999,120000,0,0,0,2,107
2018,425000,15000,1,0,0,1,109
2008,95000,120000,1,0,0,3,145
2012,170000,170000,3,0,0,3,55
2016,229999,37500,1,0,0,2,24
1999,45000,50000,1,0,0,3,89
2007,479000,145000,1,0,0,3,99
2016,340000,30000,1,0,0,1,55
2016,620000,35000,1,0,0,1,107
2012,270000,60000,0,0,0,1,147
2018,400000,35000,0,0,0,1,154
2015,260000,40000,1,0,0,1,109
2003,48000,50000,1,0,0,4,61
2015,100000,23800,1,0,0,2,148
2015,490000,70000,0,0,0,1,121
2010,120000,90000,3,0,0,2,109
2008,125000,102000,1,0,0,2,67
2019,190000,5000,1,0,0,1,91
2011,500000,20000,1,0,0,1,29
2014,1800000,99000,0,0,1,1,163
2008,320000,90000,1,0,0,1,49
2007,250000,47000,1,1,1,1,49
2010,105000,90000,0,0,0,3,38
2018,550000,20000,1,0,0,1,68
2019,600000,1100,1,0,1,1,59
2020,210000,40000,1,0,0,1,91
2012,210000,15000,1,0,0,1,91
2009,150000,40000,1,0,0,1,91
2008,125000,60000,1,0,0,1,67
2016,380000,20000,1,0,0,1,93
2019,600000,5000,1,0,0,1,92
2016,490000,27000,1,0,0,1,107
2018,545000,38000,0,0,0,2,107
2015,250000,25000,1,0,0,1,109
2020,1050000,1100,1,0,0,1,64
2007,100000,100000,1,0,0,1,109
2014,250000,100000,0,0,0,2,38
2007,100000,110000,1,0,0,1,109
2016,350000,60000,0,0,0,2,38
2012,370000,70000,0,0,0,2,126
2004,121000,110000,1,0,0,2,110
2017,570000,44077,1,1,1,1,38
2017,785000,24000,0,0,0,1,96
2018,850000,30000,0,0,0,1,94
2016,375000,30000,1,0,0,2,109
2017,619000,40000,1,0,0,1,92
2011,335000,90000,0,0,0,2,16
2006,500000,50000,0,0,0,1,164
2003,60000,100000,1,0,0,2,109
2019,1900000,20000,0,0,0,1,164
2013,270000,70000,0,0,0,2,146
2010,225000,100000,1,0,0,2,109
2011,150000,160000,1,0,0,2,106
2013,173000,70000,0,0,0,1,14
2017,710000,110000,0,0,1,1,171
2019,1500000,20000,1,0,0,1,161
2017,550000,20000,1,0,0,1,92
2008,58000,70000,1,0,0,2,89
2012,1200000,60000,1,0,1,3,3
2013,500000,150000,0,0,0,1,81
2009,120000,83000,1,0,0,2,107
2012,300000,80408,0,0,0,1,164
2018,300000,30000,1,0,0,1,55
2015,295000,21000,1,0,0,1,23
2018,587000,80000,2,0,0,1,96
2012,430000,50000,1,0,0,2,2
2007,123000,50000,1,0,0,2,65
2012,450000,48500,0,0,1,2,135
2007,130000,60000,1,0,0,3,109
2010,110000,90000,0,0,0,2,145
2010,200000,87353,0,0,0,3,88
2015,320000,70000,1,0,0,2,59
2014,300000,50000,1,0,0,1,109
2016,350000,110000,1,0,0,1,168
2018,800000,50000,1,0,0,1,96
2016,270000,175000,0,0,0,1,66
2017,540000,60000,1,0,0,1,68
2011,160000,60000,2,0,0,2,109
2013,340000,100000,0,0,0,2,106
2017,350000,40000,1,0,0,2,95
2011,300000,100000,0,0,0,1,171
2013,330000,63000,0,0,0,1,103
2016,325000,80000,2,0,0,2,109
2013,250000,55000,0,0,0,1,107
2013,250000,55000,0,0,0,1,107
2015,240000,60000,1,0,0,1,14
2020,545000,5000,1,0,0,1,59
2015,300000,48000,1,1,0,1,67
2017,240000,50000,1,0,0,1,128
2018,360000,15000,1,0,0,1,128
2012,250000,70000,0,0,0,1,68
2019,475000,105000,0,1,1,1,135
2016,600000,50000,0,0,0,2,68
2010,150000,80000,0,0,0,2,146
2017,700000,50000,0,0,0,1,34
2016,1290000,5000,0,0,0,1,87
2018,500000,10000,1,0,1,1,93
2012,193000,45000,1,0,0,2,61
2015,800000,10000,1,0,0,1,48
2008,150000,50000,1,0,0,1,109
2002,80000,40000,1,0,0,4,89
2010,130000,100000,0,0,0,3,38
2012,280000,80000,0,0,0,2,38
2011,229999,110000,0,0,0,2,88
2008,80000,120000,1,0,0,1,110
2010,70000,10000,1,0,0,1,148
2013,240000,60000,0,0,0,2,103
2010,380000,72000,0,0,0,2,88
2006,80000,110000,1,0,0,1,61
2013,265000,50000,1,0,0,1,67
2018,320000,25000,1,0,0,1,55
2014,500000,120000,0,0,0,3,121
2016,1300000,55000,0,0,0,1,54
2018,1500000,35000,0,0,0,1,81
2016,1800000,110000,0,0,1,1,164
2014,600000,80000,0,0,0,2,87
2018,420000,80000,1,0,0,1,154
2009,140000,120000,1,0,0,1,110
2010,300000,100000,0,0,0,2,135
2006,100000,60000,1,1,0,2,61
2017,350000,25000,1,1,0,1,91
2018,850000,19000,1,0,0,1,34
2008,140000,54000,1,1,0,1,91
2015,550000,17100,1,1,0,2,32
2017,525000,19000,1,1,1,1,59
2015,470000,146000,0,1,0,1,35
2013,900000,98000,0,1,1,1,36
2011,500000,83658,0,0,0,2,36
1998,80000,120000,1,0,0,2,110
2011,175000,175000,0,0,0,1,85
2017,1350000,15000,0,0,1,2,87
2017,800000,50000,0,0,0,1,126
2017,250000,15000,1,0,0,1,24
2018,700000,25000,1,0,1,1,101
2019,800000,25000,0,0,0,1,150
2013,660000,72215,0,0,0,1,87
2015,465000,60000,0,0,0,3,107
2006,180000,90887,0,0,0,2,81
2017,600000,66000,0,0,0,3,107
2010,150000,110000,1,0,0,1,37
2014,450000,78000,0,0,0,2,65
2019,721000,10000,1,0,0,1,57
2018,300000,35000,1,0,0,1,107
2019,1000000,10000,0,0,0,1,81
2016,300000,52608,1,0,0,1,128
2013,450000,120000,0,0,0,1,81
1997,79000,70000,1,0,1,1,97
2017,545000,40000,0,0,0,1,38
2018,844999,20000,0,0,0,1,43
2016,700000,93000,0,0,0,1,137
2016,650000,159000,0,0,0,1,162
2014,525000,75000,0,0,0,2,35
2006,110000,101100,0,0,0,3,37
2011,180000,66000,0,0,0,1,145
2012,280000,30000,1,0,0,2,67
2019,400000,10000,1,0,0,1,128
2012,625000,126000,0,0,0,2,87
2015,535000,70000,0,0,0,1,171
2017,459999,50000,0,0,0,1,107
2010,300000,100000,0,0,0,1,74
2007,280000,60000,1,0,1,1,49
2014,500000,70000,1,0,0,1,51
2019,1200000,1200,1,0,0,1,54
2016,300000,40000,1,0,0,1,128
2011,180000,134444,1,0,1,2,67
2009,78000,120000,1,0,0,2,91
2011,160000,120000,0,0,0,1,119
2014,600000,70935,0,0,0,1,81
2008,110000,100000,1,0,0,2,109
2011,450000,110000,0,0,0,2,74
2019,1350000,35000,0,0,0,1,81
2003,120000,165000,1,0,0,2,48
2018,1040000,42000,0,0,0,1,44
2014,390000,70000,0,0,0,2,59
2011,65000,60000,1,0,0,2,148
2013,320000,115000,0,0,0,3,170
2017,720000,70000,0,0,0,1,167
2007,220000,80000,1,0,0,2,107
2011,225000,65000,1,1,0,1,109
2010,200000,150000,0,0,0,2,147
2015,434999,75000,0,1,0,2,162
2012,300000,63700,0,0,0,1,38
2018,700000,74800,0,0,0,1,43
2009,500000,105000,0,0,0,2,36
2016,500000,40000,0,0,0,1,126
2016,400000,90000,0,0,0,2,103
2015,825000,75000,0,1,0,2,161
2018,720000,27542,0,0,0,1,107
2009,110000,30000,1,0,0,2,89
2014,600000,100000,0,0,0,2,81
2009,275000,155000,0,0,1,3,81
2017,740000,60000,0,0,0,1,68
2017,800000,90000,0,0,0,1,92
2019,1100000,100000,0,0,0,1,65
2012,750000,80408,0,0,1,2,12
2012,200000,90000,1,0,0,1,91
2009,210000,75000,0,0,0,1,152
2009,270000,120000,0,0,0,2,107
2016,630000,90000,0,0,0,2,162
2015,375000,55000,1,0,0,1,66
2010,300000,70000,0,0,0,1,88
2016,580000,95000,0,0,0,2,74
2014,550000,50000,0,0,0,1,65
2016,750000,50000,0,0,0,1,94
2014,250000,60516,1,0,0,1,102
2012,434999,80408,0,0,0,2,65
2007,900000,76731,0,1,1,1,112
2016,685000,64000,0,1,0,1,107
2014,540000,65000,0,1,0,1,107
2018,1165000,13000,1,1,1,0,48
2014,610000,77000,0,1,0,1,35
2011,254999,24000,1,1,0,1,55
2014,280000,63840,1,1,0,1,119
2017,370000,25000,1,0,0,1,154
2011,459999,76400,0,0,0,2,149
1998,42000,70000,1,0,0,3,110
2011,190000,80000,0,0,0,3,29
2010,165000,87353,1,0,0,4,31
2017,710000,40000,0,0,0,1,34
2018,1200000,15000,1,0,0,1,54
2011,229999,70000,1,0,0,1,110
2018,310000,15000,1,0,0,1,128
2015,320000,40000,1,0,0,1,109
2006,100000,54000,1,0,0,1,89
2009,160000,90000,0,0,0,1,65
2007,60000,52000,1,0,0,1,89
2012,100000,200000,0,0,0,3,146
2016,350000,35000,0,0,0,2,14
2017,700000,60000,0,0,0,1,126
2017,300000,31489,1,0,0,1,91
2018,830000,40000,0,0,0,1,68
2010,229999,70000,1,0,0,1,65
2013,400000,100000,0,0,0,1,68
2005,300000,70000,1,0,0,2,100
2013,300000,50000,0,0,0,1,38
2009,80000,180000,0,0,0,2,37
2008,80000,50000,1,0,0,2,89
2007,100000,90000,1,0,0,2,97
2012,300000,110000,0,0,0,1,145
2018,700000,26000,1,0,1,1,92
2016,975000,65000,0,0,0,1,108
2009,500000,130000,0,0,0,1,15
2013,550000,75000,0,0,0,2,126
2014,550000,110000,0,0,0,2,121
2014,240000,50000,1,0,0,1,91
1997,50000,80000,1,0,0,2,89
2009,120000,80000,1,0,0,2,145
2013,900000,60000,1,0,0,2,91
2009,250000,83464,1,0,0,2,48
2017,280000,36000,1,0,0,1,128
2010,85000,87000,0,0,0,1,145
2011,90000,80000,0,0,0,1,145
2015,500000,50000,0,0,0,1,17
2013,200000,60000,1,0,0,1,89
2015,250000,50000,1,0,0,1,128
2014,185000,40000,0,0,0,3,107
2008,100000,60000,1,0,0,2,67
2015,610000,55000,0,0,0,1,162
2012,290000,80000,0,0,0,1,79
2012,300000,80408,0,0,0,1,88
2015,225000,80000,1,0,0,1,55
2017,320000,50000,1,0,0,2,91
2012,135000,158000,0,0,0,3,146
2006,400000,90887,0,0,0,3,164
2018,360000,4000,1,0,0,1,154
2016,600000,19495,1,1,0,1,120
2013,570000,62668,0,1,0,1,126
2013,850000,85710,0,1,0,1,87
2011,250000,55130,0,1,0,2,38
2014,580000,63356,0,1,0,2,35
2012,1680000,129627,0,1,0,1,163
2010,180000,15000,1,0,0,1,20
2017,300000,50000,1,0,0,1,154
2012,269000,70000,1,0,0,2,162
2012,231999,20000,1,0,0,1,91
2011,150000,60000,1,0,0,3,14
2017,495000,5000,1,0,0,1,59
2014,700000,15000,1,0,0,1,94
2018,400000,4400,1,0,0,2,23
2019,599000,15000,0,0,0,3,88
2013,421000,45000,0,0,0,1,126
2018,841000,1000,0,0,0,1,34
2014,295000,38500,1,0,0,1,67
2011,220000,25000,1,0,0,1,67
2013,250000,35000,0,0,0,1,33
2009,1100000,110000,0,0,0,2,163
2012,300000,40000,1,0,0,1,65
2007,80000,110000,1,0,0,2,13
2013,215000,20000,0,0,0,3,14
2012,245000,14987,1,1,0,1,55
2016,650000,25061,0,1,0,1,34
2017,760000,42494,0,1,0,1,35
2014,395000,44875,0,1,0,1,43
2014,280000,89741,0,1,0,2,38
2016,495000,65000,0,1,0,1,50
2016,525000,35000,0,1,0,1,50
2009,420000,83464,0,1,0,1,164
2010,210000,34500,0,0,0,1,149
2018,650000,30000,1,0,0,1,68
2019,525000,16000,0,0,0,1,39
2010,195000,80000,2,0,0,2,109
2016,650000,60000,0,0,0,1,96
2015,540000,110000,0,0,0,1,83
2014,180000,61000,1,0,0,1,91
2017,750000,40318,0,0,0,1,74
2018,980000,50000,0,0,0,1,96
2014,250000,90000,0,0,0,1,28
2018,550000,35000,1,0,1,1,59
2015,509999,43000,1,0,0,2,171
2017,320000,50000,1,0,0,1,91
2016,275000,25000,1,0,0,1,55
2013,550000,72215,0,0,0,1,87
2009,145000,50000,1,0,0,2,109
2013,250000,80000,0,0,0,1,28
2012,520000,35000,0,0,0,1,65
2007,95000,86297,1,0,0,2,91
2011,725000,110000,0,0,0,3,164
2006,55000,70000,1,0,0,2,89
2014,600000,100000,0,0,0,1,48
2013,330000,120000,0,0,0,2,171
2015,470000,89000,0,0,0,1,107
2013,365000,120000,0,0,0,1,107
2013,250000,40000,1,0,0,2,55
2017,430000,17000,1,0,0,1,109
2013,400000,125000,0,0,0,2,107
2015,615000,110000,1,0,0,2,107
2011,150000,120000,0,0,0,2,38
2014,240000,90000,0,0,0,1,38
2014,800000,90000,0,0,0,1,81
2015,240000,110000,3,0,0,1,55
2014,600000,87000,0,0,0,2,35
2014,800000,15000,0,0,0,1,81
2012,350000,38000,1,0,0,1,37
2011,300000,64000,1,0,0,2,48
2015,399000,61703,0,0,0,1,153
2011,300000,110000,0,0,0,1,74
2012,150000,70000,1,0,1,1,90
2010,320000,60000,0,0,0,3,16
2018,1280000,17000,0,0,0,1,144
2017,300000,13000,1,0,0,2,128
2016,1000000,60000,0,0,0,1,121
2012,1090000,120000,0,0,0,2,116
2012,450000,97000,0,0,0,1,149
2007,60000,130000,1,0,0,2,145
2013,500000,50000,1,0,0,1,107
2012,200000,120000,0,0,0,2,146
2006,60000,100000,1,0,0,2,91
2012,185000,67000,2,1,0,2,53
2015,155000,60000,1,0,0,1,91
2019,600000,5000,1,0,0,1,107
2016,300000,20000,1,0,0,1,128
2018,850000,12500,1,0,0,1,54
2019,470000,4000,2,0,0,1,95
2019,600000,25000,1,0,0,1,38
2013,700000,72215,0,0,0,2,164
2007,70000,162000,3,0,0,1,109
2010,1250000,205000,0,0,0,2,163
2008,650000,70000,1,0,1,3,4
2018,450000,70000,0,0,0,2,66
2015,750000,100000,0,0,0,2,87
2013,775000,70000,0,0,0,2,164
2011,800000,83658,0,0,0,1,60
2015,360000,80000,1,0,0,2,43
2010,250000,120000,0,0,0,1,161
2017,1490000,22038,0,0,0,1,71
2013,600000,80000,0,0,0,1,121
2010,120000,90000,1,0,0,1,91
2012,320000,140000,0,0,0,2,149
2011,400000,120000,0,0,0,2,84
2015,302000,60000,0,0,0,1,107
2014,150000,60000,1,0,0,2,107
2012,200000,90000,0,0,0,2,145
2008,120000,175000,0,0,0,2,107
2019,1400000,10000,0,0,0,1,87
2017,620000,65000,1,0,0,1,68
2012,449000,90000,0,0,0,1,164
2007,100000,70000,1,0,0,1,91
2018,600000,2500,1,0,0,1,59
2012,250000,40000,0,0,0,1,14
2018,550000,63000,1,0,0,1,92
2013,675000,72215,0,1,1,1,138
2015,530000,61703,0,1,0,1,121
2014,360000,70000,0,0,0,1,137
2012,650000,60000,1,1,1,1,138
2012,199000,92000,0,1,0,3,37
2014,285000,89126,0,0,0,1,79
2009,260000,134000,0,0,1,1,169
2019,869999,15000,1,1,1,1,94
2016,425000,42500,0,1,0,1,59
2012,490000,42000,0,1,1,1,16
2015,750000,61703,0,0,1,2,87
2004,125000,110000,1,0,0,3,48
2014,221000,131365,0,0,0,1,29
2016,724000,48980,0,1,1,1,171
2014,440000,46000,1,1,1,1,43
2009,70000,60000,1,0,0,3,20
2015,511000,61703,0,1,0,1,92
2016,790000,22000,0,1,0,1,104
2017,640000,40318,1,0,0,1,68
2009,120000,70000,1,0,0,4,61
2012,126000,98900,0,0,0,3,14
2012,120000,125000,0,0,0,1,14
2017,650000,60000,0,0,0,1,83
2014,450000,80000,1,0,0,2,59
2010,110000,80000,2,0,0,4,110
2017,600000,40318,0,0,0,1,74
2012,620000,80000,0,0,0,2,87
2014,600000,30000,0,0,0,1,35
2018,795000,35000,0,0,0,1,74
2011,300000,180000,0,0,0,3,157
2015,495000,60000,0,0,0,1,130
2018,1350000,34000,0,0,1,1,144
2014,350000,145000,0,0,0,1,88
2018,300000,27542,1,0,1,1,24
2018,500000,70000,0,0,0,1,120
2014,345000,58000,1,1,0,1,46
2013,220000,100000,0,0,0,1,146
1999,50000,100000,1,0,0,2,89
2017,585000,14000,1,1,0,1,50
2018,625000,13800,1,0,1,1,107
2017,1035000,23000,1,1,1,1,54
2017,600000,99700,0,0,0,1,88
2014,650000,49654,0,1,0,1,48
2016,550000,45457,1,1,0,1,59
2017,1260000,39221,0,1,0,1,54
2016,660000,48220,1,1,0,1,68
2017,700000,11114,1,1,0,1,68
2008,235000,86124,0,1,0,1,58
2013,475000,80000,0,1,0,1,171
2008,795000,98600,0,1,1,1,112
2019,1860000,18000,1,1,1,1,73
2015,850000,58000,1,1,1,1,48
2017,585000,85441,0,1,0,1,88
2015,380000,64541,0,1,0,1,85
2019,650000,35000,0,0,0,1,107
2018,600000,30000,1,0,0,1,107
2017,434999,16267,1,1,0,1,119
2013,525000,71500,0,1,0,1,171
2008,160000,80000,1,0,0,1,13
2007,160000,90000,1,0,0,2,110
2017,900000,14700,1,0,0,1,54
2000,61000,90000,1,0,0,2,91
2017,400000,50000,1,0,0,1,109
2009,150000,100000,1,0,0,2,61
2019,950000,24000,1,0,1,1,170
2007,110000,90000,1,0,0,2,58
2015,375000,30000,1,0,0,1,142
2017,350000,80000,1,0,0,1,23
2012,310000,92686,0,1,0,2,68
2010,90000,87353,1,0,0,3,145
2011,350000,90000,1,0,0,2,171
2003,100000,60000,1,0,0,1,61
2017,1300000,40000,0,0,1,1,87
2014,280000,55000,1,0,0,1,55
2018,360000,6000,1,0,0,1,55
2011,150000,40000,1,0,0,2,91
2017,900000,15000,1,0,1,1,137
2005,120000,50000,0,0,0,2,0
2010,215000,90000,1,0,0,2,29
2013,550000,38500,0,0,0,1,132
2018,775000,35000,1,0,0,1,150
2001,409999,49359,1,0,0,3,100
2005,65000,70000,1,0,0,2,89
2008,200000,90000,1,0,0,2,109
2010,240000,50000,1,0,0,2,109
2012,800000,108731,0,0,0,1,164
2010,400000,120000,0,0,0,2,164
2016,500000,52608,0,0,0,1,153
2007,150000,90000,0,0,0,3,80
2014,500000,140000,0,0,0,2,162
2014,320000,80000,1,0,0,1,55
2013,300000,90000,0,0,0,1,119
2018,285000,14000,1,0,0,1,91
2012,360000,70000,0,0,0,2,141
2009,450000,55000,1,0,0,2,42
2011,175000,60000,1,0,0,3,91
2011,350000,74000,0,0,0,2,16
2020,530000,45000,0,1,0,1,38
2017,1025000,38000,0,1,0,1,48
2017,950000,24000,0,1,0,1,44
2017,725000,29976,1,1,0,1,52
2017,919999,41000,1,1,0,1,48
2018,700000,15000,0,1,0,1,50
2017,725000,36000,0,1,0,1,50
2017,840000,30646,1,1,0,1,44
2015,365000,23600,1,1,0,1,109
2014,665000,71318,0,1,0,1,48
2003,50000,78098,1,0,0,1,89
2014,225000,30000,1,0,0,1,55
2012,229999,45000,1,0,0,2,67
2008,145000,67000,1,0,0,1,61
2018,624000,27542,0,1,0,1,38
2017,750000,18054,1,1,0,1,34
2015,785000,40000,0,0,0,1,48
2011,225000,30000,1,0,0,1,67
2017,300000,80000,0,0,0,1,66
2016,680000,20000,0,0,0,1,68
2016,700000,40000,0,0,0,1,83
2011,180000,120000,0,0,0,1,146
2008,270000,120000,0,0,0,2,37
2010,370000,97000,1,0,0,2,107
2018,1100000,70000,0,0,0,1,88
2004,120000,120000,0,0,0,2,53
2013,430000,88000,0,0,0,2,137
2014,550000,38406,0,1,0,1,107
2014,320000,54350,1,1,0,1,61
2015,390000,32260,1,1,0,1,109
2014,550000,58231,0,1,0,1,126
2012,370000,59858,1,1,0,1,107
2010,190000,73350,1,1,0,1,91
2013,509999,72215,0,1,0,1,126
2013,450000,96987,1,1,0,1,48
2015,550000,61187,0,1,0,1,107
2009,400000,68350,0,1,0,1,88
2015,585000,81150,0,1,0,1,34
2019,500000,20972,1,0,0,1,59
2015,800000,30000,1,0,0,1,94
2009,265000,120000,0,0,0,2,107
2012,175000,180000,0,0,0,1,38
2007,125000,50000,1,0,0,2,30
2010,165000,87353,0,0,0,1,147
2011,150000,83658,0,0,0,1,85
2015,1025000,90000,0,0,0,2,54
2014,1030000,70935,0,0,0,2,164
2012,380000,90000,0,0,0,4,16
2010,250000,110000,0,0,0,3,107
2000,85000,80000,1,0,0,2,110
2016,500000,35000,0,0,0,1,31
2018,350000,15000,1,0,0,1,55
2010,190000,52000,1,0,0,2,91
2009,940000,140000,0,0,0,1,169
2013,475000,60000,1,0,0,2,107
2018,300000,17000,1,0,0,1,91
2016,250000,70000,1,0,0,3,14
2001,93000,97000,1,0,0,4,110
2012,290000,125000,0,0,0,2,38
2010,75000,87353,1,0,0,3,145
2015,1000000,120000,0,0,0,2,87
2015,550000,87000,0,0,0,1,68
2010,285000,75000,0,0,0,3,31
2016,650000,52608,1,0,0,1,68
2015,260000,61703,1,0,0,1,19
2007,550000,86297,0,0,0,2,149
2010,215000,87353,1,0,0,2,29
2010,400000,120000,0,0,0,1,164
2012,229999,40000,1,0,0,2,109
2014,580000,120000,0,0,0,1,35
2005,175000,100000,1,0,0,4,161
2012,250000,110000,0,0,0,4,103
2014,320000,70935,1,0,0,1,55
2006,70000,105700,1,0,0,1,110
2017,430999,14000,1,1,0,1,93
2010,80000,70000,1,0,0,1,20
2019,335000,28000,1,1,0,1,91
2017,350000,51000,1,1,0,1,95
2018,315000,56000,1,1,0,1,91
2019,1100000,35000,0,0,1,1,171
2005,80000,24000,1,0,0,1,97
2014,285000,64000,1,1,0,2,91
2009,100000,120000,0,0,0,3,146
2011,225000,37091,1,0,0,1,91
2018,320000,38900,1,0,0,3,91
2016,1249000,60000,0,0,0,3,54
2008,120000,110000,1,0,0,3,109
2011,200000,100000,0,0,0,2,171
2016,1151000,85000,0,0,0,1,54
2012,120000,140000,0,0,0,1,145
2017,220000,20000,1,0,0,1,128
2018,784000,40000,0,0,0,1,83
2017,500000,50000,1,0,0,1,50
2018,350000,20000,1,0,0,1,55
2018,1400000,50000,0,0,1,1,87
2014,600000,100000,0,0,0,2,84
2019,525000,9400,1,0,0,1,59
2017,930000,12000,0,0,0,1,34
2017,440000,14100,2,1,0,1,95
2016,434999,21000,1,1,0,1,93
2011,250000,28000,1,1,0,1,67
2017,940000,35000,0,1,0,1,96
2017,1050000,31000,0,1,1,1,65
2016,825000,58000,0,1,0,1,96
2012,229999,25000,1,0,0,1,109
2011,375000,72000,1,1,0,1,68
2013,640000,89000,0,1,0,1,96
2012,800000,160000,0,1,0,1,164
2012,130000,30000,1,0,0,3,38
2014,300000,37555,1,1,0,1,67
2018,440000,14000,1,1,0,1,109
2014,595000,56600,2,1,0,1,96
2013,450000,110000,0,0,0,1,81
2017,690000,50000,0,0,0,1,108
2019,300000,5000,1,0,0,1,91
2014,170000,100000,1,0,0,2,19
2012,280000,120000,0,0,0,1,162
2009,220000,67580,1,0,0,2,107
2009,140000,100000,1,0,0,3,61
2004,45000,60000,1,0,0,1,97
2014,200000,125000,0,0,0,2,38
2008,325000,120000,0,0,0,2,81
2010,300000,130000,0,0,0,2,65
2009,120000,83464,1,0,0,2,89
2015,280000,40000,0,0,0,1,85
2013,225000,78000,0,1,0,1,120
2015,750000,48238,1,2,1,1,34
2016,535000,38365,1,1,0,1,68
2016,1250000,23670,0,2,0,1,87
2017,650000,49834,1,2,0,1,92
2013,295000,57353,1,2,0,1,46
2015,480000,68308,0,2,0,1,107
2015,575000,63240,0,2,0,1,48
2008,69000,100000,1,0,0,1,91
2020,426000,1000,0,0,0,1,143
2017,650000,6000,0,0,0,1,35
2015,295000,90000,0,0,0,3,74
2009,199000,52536,1,0,0,2,107
2011,330000,100000,0,0,0,2,88
2009,150000,80000,1,0,0,1,103
2016,927999,90000,0,0,0,1,54
2003,70000,60000,1,0,0,4,110
2015,399000,55000,0,1,0,1,66
2015,350000,90000,0,0,0,1,107
2006,125000,50000,0,0,0,2,81
2008,150000,86124,1,0,0,2,61
2015,250000,25000,1,0,0,1,55
2014,675000,61000,0,1,0,1,65
2018,950000,30000,0,0,0,1,104
2018,409999,45000,2,0,0,1,95
2011,225000,60000,0,0,0,1,29
2008,350000,75000,1,0,0,2,49
2005,51111,140000,1,0,0,3,145
2013,290000,56000,0,1,0,1,19
2006,310000,62000,4,1,1,2,160
2007,212000,58000,0,1,0,2,65
2013,900000,49000,0,1,1,2,136
2011,221000,56000,0,1,0,2,14
2013,675000,73000,0,1,0,1,164
2014,421000,70935,0,1,0,1,43
2008,350000,10000,1,0,0,1,106
2010,140000,110000,2,0,0,1,53
2002,90000,84118,0,0,0,2,136
2018,830000,40000,0,0,0,1,48
2009,180000,30000,1,0,0,1,109
2009,210000,109000,0,0,0,2,107
2017,700000,90000,0,0,0,1,106
2012,125000,120000,0,0,0,1,146
2017,530000,64916,1,0,0,1,65
2018,800000,37161,0,1,0,1,35
2016,580000,15000,1,0,0,1,92
2012,1400000,118000,0,0,1,2,6
2018,300000,50852,1,0,0,1,128
2016,300000,30000,1,0,0,1,128
2015,700000,77000,0,0,0,1,94
2012,250000,80408,1,0,0,3,120
2016,500000,120000,0,0,0,1,21
2009,428000,40000,1,0,1,3,42
2019,1400000,33000,0,0,0,1,143
2013,219000,53500,1,0,0,3,55
2017,500000,40000,0,0,0,1,96
2007,225000,50000,0,1,0,1,107
2010,409999,60000,1,0,0,1,48
2018,570000,5000,1,0,0,1,155
2007,160000,80000,1,0,0,3,106
2017,749000,51500,0,0,0,2,94
2010,300000,120000,0,0,0,3,107
2014,550000,79800,0,1,0,1,34
2015,550000,97000,0,1,0,2,34
2019,1250000,6590,0,1,0,1,35
2017,700000,49957,0,1,0,1,38
2017,600000,43235,0,1,0,1,38
2018,925000,50699,0,1,0,1,34
2016,1800000,126000,0,1,1,1,36
2015,459999,140730,0,1,0,2,38
2015,565000,46000,1,0,0,1,68
2013,170000,80000,1,0,0,3,55
2001,150000,73236,0,1,0,1,165
2008,295000,120000,0,0,0,1,81
2018,819999,40000,0,0,0,1,68
2019,819999,40000,0,0,0,1,57
2015,320000,40000,1,0,0,1,103
2015,550000,135000,0,0,0,2,35
2015,550000,50000,0,0,0,1,74
2017,590000,98000,0,0,0,1,167
2017,950000,50000,0,0,0,1,48
2017,1000000,30000,0,0,0,1,48
2013,500000,120000,0,0,0,1,121
2017,450000,70000,0,0,0,1,31
2017,720000,35000,0,0,0,1,107
2015,390000,70000,0,0,0,2,93
2014,500000,35000,0,0,0,1,84
2017,780000,50000,0,0,0,1,68
2015,484999,90000,0,0,0,2,107
2012,420000,90000,0,0,0,2,171
2015,1225000,70000,0,0,0,1,87
2015,350000,50000,0,0,0,2,145
2015,350000,120000,0,0,0,3,85
2011,800000,83658,0,0,0,1,164
2004,125000,70000,1,0,1,2,61
2010,75000,87353,0,0,0,3,145
2018,509999,15000,1,0,0,1,76
2014,215000,80000,0,0,0,3,146
2017,680000,40318,0,0,0,1,68
2014,480000,101000,0,1,0,1,107
2016,630000,55000,0,1,0,1,107
2007,190000,115000,1,1,0,2,48
2015,500000,100000,0,1,0,1,107
2014,850000,52000,0,1,0,2,169
2011,350000,105000,0,1,0,1,106
2013,425000,170000,0,1,0,1,126
2015,495000,105000,0,1,0,1,107
2017,890000,60000,0,0,0,2,96
2018,1100000,25000,0,0,1,2,65
2014,650000,70935,0,0,0,2,87
2015,300000,50000,1,0,0,1,50
2012,190000,115000,1,1,0,2,48
2015,500000,100000,0,0,0,1,107
2009,233000,58000,1,0,0,3,37
2015,300000,110000,0,0,0,2,146
2020,614000,1000,1,0,0,1,43
2010,250000,100000,1,0,0,2,67
2010,250000,110000,1,0,0,2,67
2011,200000,40000,1,0,0,1,91
2013,290000,52000,1,0,0,1,109
2013,320000,80000,1,0,0,2,109
2006,145000,52000,1,0,0,2,61
2005,100000,124000,1,0,0,2,91
2010,130000,87353,0,0,0,2,31
2006,145000,66000,1,0,1,2,61
2008,110000,120000,1,0,0,3,91
2019,680000,40000,0,0,0,1,107
2004,37500,90000,1,0,0,2,89
2011,200000,120000,0,0,0,2,103
2015,630000,50000,0,0,0,1,81
2006,1050000,30000,0,1,1,1,11
2018,200000,27542,1,0,0,1,91
2019,1000000,15000,0,0,0,1,96
2015,470000,170000,0,0,0,1,107
2017,415000,20000,1,0,0,1,93
2014,500000,82000,0,0,0,1,121
2013,150000,60000,1,0,0,2,20
2005,95000,75125,1,0,0,2,91
2012,400000,70000,0,0,0,1,107
2008,114999,66782,1,0,0,2,91
2006,75000,130000,1,0,0,1,91
2013,500000,120000,0,0,0,1,65
2014,195000,75000,1,0,0,2,89
2015,155000,40000,1,0,0,1,91
2000,65000,90000,1,0,0,2,91
2005,65000,150000,1,0,0,3,48
2015,190000,60000,1,0,0,2,148
2012,200000,112198,0,0,0,2,85
2010,160000,60000,1,0,0,2,147
2010,150000,130000,0,0,0,2,145
2015,530000,175000,0,0,0,3,34
2015,750000,120000,0,0,0,1,81
2012,225000,90000,0,0,0,1,103
2012,600000,170000,0,0,0,1,164
2014,409999,80000,0,0,0,2,68
2014,409999,80000,0,0,0,2,68
2009,110000,83000,1,0,0,2,89
2016,865000,90000,0,0,0,1,54
2016,225000,40000,1,0,0,1,128
